wildtype_graph,Mutated graphs,ddG_ML
r10_437_TrROS_Hall.json,r10_437_TrROS_Hall.pdb_E1Q.json,0.294920073667269
r10_437_TrROS_Hall.json,r10_437_TrROS_Hall.pdb_E1N.json,0.356107068724843
r10_437_TrROS_Hall.json,r10_437_TrROS_Hall.pdb_E1H.json,0.264306455505951
r10_437_TrROS_Hall.json,r10_437_TrROS_Hall.pdb_E1D.json,0.174491589427814
r10_437_TrROS_Hall.json,r10_437_TrROS_Hall.pdb_E1R.json,0.531556962843623
r10_437_TrROS_Hall.json,r10_437_TrROS_Hall.pdb_E1K.json,0.540125886819339
r10_437_TrROS_Hall.json,r10_437_TrROS_Hall.pdb_E1T.json,0.177664400658328
r10_437_TrROS_Hall.json,r10_437_TrROS_Hall.pdb_E1S.json,0.296493607123392
r10_437_TrROS_Hall.json,r10_437_TrROS_Hall.pdb_E1A.json,0.189209412769354
r10_437_TrROS_Hall.json,r10_437_TrROS_Hall.pdb_E1G.json,0.255997665602568
r10_437_TrROS_Hall.json,r10_437_TrROS_Hall.pdb_E1M.json,0.222188259561662
r10_437_TrROS_Hall.json,r10_437_TrROS_Hall.pdb_E1L.json,0.235658320976849
r10_437_TrROS_Hall.json,r10_437_TrROS_Hall.pdb_E1V.json,0.189183902048607
r10_437_TrROS_Hall.json,r10_437_TrROS_Hall.pdb_E1I.json,0.15436152151262
r10_437_TrROS_Hall.json,r10_437_TrROS_Hall.pdb_E1W.json,0.219629101779727
r10_437_TrROS_Hall.json,r10_437_TrROS_Hall.pdb_E1Y.json,0.293356970537832
r10_437_TrROS_Hall.json,r10_437_TrROS_Hall.pdb_E1F.json,0.327156984765021
r10_437_TrROS_Hall.json,r10_437_TrROS_Hall.pdb_E1P.json,0.190372069255403
r10_437_TrROS_Hall.json,r10_437_TrROS_Hall.pdb_E1C.json,0.523286090031015
r10_437_TrROS_Hall.json,r10_437_TrROS_Hall.pdb_P2Q.json,-0.182627530051348
r10_437_TrROS_Hall.json,r10_437_TrROS_Hall.pdb_P2E.json,-0.539203418517635
r10_437_TrROS_Hall.json,r10_437_TrROS_Hall.pdb_P2N.json,-0.201810752588034
r10_437_TrROS_Hall.json,r10_437_TrROS_Hall.pdb_P2H.json,-0.0976104789732867
r10_437_TrROS_Hall.json,r10_437_TrROS_Hall.pdb_P2D.json,-0.515236359581158
r10_437_TrROS_Hall.json,r10_437_TrROS_Hall.pdb_P2R.json,0.315157645681642
r10_437_TrROS_Hall.json,r10_437_TrROS_Hall.pdb_P2K.json,0.0317126361087409
r10_437_TrROS_Hall.json,r10_437_TrROS_Hall.pdb_P2T.json,-0.256256097379011
r10_437_TrROS_Hall.json,r10_437_TrROS_Hall.pdb_P2S.json,-0.328163954177531
r10_437_TrROS_Hall.json,r10_437_TrROS_Hall.pdb_P2A.json,-0.099009329258545
r10_437_TrROS_Hall.json,r10_437_TrROS_Hall.pdb_P2G.json,-0.0070119344998271
r10_437_TrROS_Hall.json,r10_437_TrROS_Hall.pdb_P2M.json,-0.258659108475364
r10_437_TrROS_Hall.json,r10_437_TrROS_Hall.pdb_P2L.json,-0.220196807722021
r10_437_TrROS_Hall.json,r10_437_TrROS_Hall.pdb_P2V.json,-0.18214031024694
r10_437_TrROS_Hall.json,r10_437_TrROS_Hall.pdb_P2I.json,-0.113156498661815
r10_437_TrROS_Hall.json,r10_437_TrROS_Hall.pdb_P2W.json,-0.0850721832616452
r10_437_TrROS_Hall.json,r10_437_TrROS_Hall.pdb_P2Y.json,0.0470279501896753
r10_437_TrROS_Hall.json,r10_437_TrROS_Hall.pdb_P2F.json,-0.0607788713394961
r10_437_TrROS_Hall.json,r10_437_TrROS_Hall.pdb_P2C.json,0.307622632325062
r10_437_TrROS_Hall.json,r10_437_TrROS_Hall.pdb_E3Q.json,0.103327513477259
r10_437_TrROS_Hall.json,r10_437_TrROS_Hall.pdb_E3N.json,0.0180064006384967
r10_437_TrROS_Hall.json,r10_437_TrROS_Hall.pdb_E3H.json,0.0290433446610967
r10_437_TrROS_Hall.json,r10_437_TrROS_Hall.pdb_E3D.json,-0.118266550664192
r10_437_TrROS_Hall.json,r10_437_TrROS_Hall.pdb_E3R.json,0.334682907328887
r10_437_TrROS_Hall.json,r10_437_TrROS_Hall.pdb_E3K.json,0.558185226343653
r10_437_TrROS_Hall.json,r10_437_TrROS_Hall.pdb_E3T.json,0.125204929912196
r10_437_TrROS_Hall.json,r10_437_TrROS_Hall.pdb_E3S.json,-0.102348554443823
r10_437_TrROS_Hall.json,r10_437_TrROS_Hall.pdb_E3A.json,-0.0624401169010591
r10_437_TrROS_Hall.json,r10_437_TrROS_Hall.pdb_E3G.json,-0.0026623629572277
r10_437_TrROS_Hall.json,r10_437_TrROS_Hall.pdb_E3M.json,0.137355009425023
r10_437_TrROS_Hall.json,r10_437_TrROS_Hall.pdb_E3L.json,0.0400927843650951
r10_437_TrROS_Hall.json,r10_437_TrROS_Hall.pdb_E3V.json,0.046543915420357
r10_437_TrROS_Hall.json,r10_437_TrROS_Hall.pdb_E3I.json,-0.0041219572814577
r10_437_TrROS_Hall.json,r10_437_TrROS_Hall.pdb_E3W.json,-0.0599156734521812
r10_437_TrROS_Hall.json,r10_437_TrROS_Hall.pdb_E3Y.json,0.278216898821142
r10_437_TrROS_Hall.json,r10_437_TrROS_Hall.pdb_E3F.json,0.0544985876204862
r10_437_TrROS_Hall.json,r10_437_TrROS_Hall.pdb_E3P.json,0.0960387486919991
r10_437_TrROS_Hall.json,r10_437_TrROS_Hall.pdb_E3C.json,0.773635061689988
r10_437_TrROS_Hall.json,r10_437_TrROS_Hall.pdb_L4Q.json,-0.208793034086577
r10_437_TrROS_Hall.json,r10_437_TrROS_Hall.pdb_L4E.json,-1.17905892189421
r10_437_TrROS_Hall.json,r10_437_TrROS_Hall.pdb_L4N.json,-0.714748021128471
r10_437_TrROS_Hall.json,r10_437_TrROS_Hall.pdb_L4H.json,-0.143137632180514
r10_437_TrROS_Hall.json,r10_437_TrROS_Hall.pdb_L4D.json,-1.55730526643858
r10_437_TrROS_Hall.json,r10_437_TrROS_Hall.pdb_L4R.json,0.586652352382026
r10_437_TrROS_Hall.json,r10_437_TrROS_Hall.pdb_L4K.json,0.651384377758567
r10_437_TrROS_Hall.json,r10_437_TrROS_Hall.pdb_L4T.json,-0.136302142753347
r10_437_TrROS_Hall.json,r10_437_TrROS_Hall.pdb_L4S.json,-0.648646178761399
r10_437_TrROS_Hall.json,r10_437_TrROS_Hall.pdb_L4A.json,-0.442155145884666
r10_437_TrROS_Hall.json,r10_437_TrROS_Hall.pdb_L4G.json,-0.732304047326278
r10_437_TrROS_Hall.json,r10_437_TrROS_Hall.pdb_L4M.json,-0.229551654356078
r10_437_TrROS_Hall.json,r10_437_TrROS_Hall.pdb_L4V.json,-0.0701920374335811
r10_437_TrROS_Hall.json,r10_437_TrROS_Hall.pdb_L4I.json,-0.0183564092585699
r10_437_TrROS_Hall.json,r10_437_TrROS_Hall.pdb_L4W.json,-0.037862576157722
r10_437_TrROS_Hall.json,r10_437_TrROS_Hall.pdb_L4Y.json,-0.0514036172187148
r10_437_TrROS_Hall.json,r10_437_TrROS_Hall.pdb_L4F.json,-0.005422538259225
r10_437_TrROS_Hall.json,r10_437_TrROS_Hall.pdb_L4P.json,-0.428391378989356
r10_437_TrROS_Hall.json,r10_437_TrROS_Hall.pdb_L4C.json,0.34721826829605
r10_437_TrROS_Hall.json,r10_437_TrROS_Hall.pdb_V5Q.json,-0.464769629460682
r10_437_TrROS_Hall.json,r10_437_TrROS_Hall.pdb_V5E.json,-1.75367331938846
r10_437_TrROS_Hall.json,r10_437_TrROS_Hall.pdb_V5N.json,-0.428330129272143
r10_437_TrROS_Hall.json,r10_437_TrROS_Hall.pdb_V5H.json,-0.0629908517550097
r10_437_TrROS_Hall.json,r10_437_TrROS_Hall.pdb_V5D.json,-1.83927951629955
r10_437_TrROS_Hall.json,r10_437_TrROS_Hall.pdb_V5R.json,0.749864963346746
r10_437_TrROS_Hall.json,r10_437_TrROS_Hall.pdb_V5K.json,0.295890636416081
r10_437_TrROS_Hall.json,r10_437_TrROS_Hall.pdb_V5T.json,-0.148143550956345
r10_437_TrROS_Hall.json,r10_437_TrROS_Hall.pdb_V5S.json,-0.230576954311115
r10_437_TrROS_Hall.json,r10_437_TrROS_Hall.pdb_V5A.json,-0.503429929994798
r10_437_TrROS_Hall.json,r10_437_TrROS_Hall.pdb_V5G.json,-0.968307565036153
r10_437_TrROS_Hall.json,r10_437_TrROS_Hall.pdb_V5M.json,0.318789710147951
r10_437_TrROS_Hall.json,r10_437_TrROS_Hall.pdb_V5L.json,0.144043178447042
r10_437_TrROS_Hall.json,r10_437_TrROS_Hall.pdb_V5I.json,0.29294449379532
r10_437_TrROS_Hall.json,r10_437_TrROS_Hall.pdb_V5W.json,0.410242762766594
r10_437_TrROS_Hall.json,r10_437_TrROS_Hall.pdb_V5Y.json,0.0764547500321706
r10_437_TrROS_Hall.json,r10_437_TrROS_Hall.pdb_V5F.json,0.120772559544029
r10_437_TrROS_Hall.json,r10_437_TrROS_Hall.pdb_V5P.json,-1.41371388605674
r10_437_TrROS_Hall.json,r10_437_TrROS_Hall.pdb_V5C.json,0.318672259953398
r10_437_TrROS_Hall.json,r10_437_TrROS_Hall.pdb_F6Q.json,-2.21078260689856
r10_437_TrROS_Hall.json,r10_437_TrROS_Hall.pdb_F6E.json,-1.78526603069181
r10_437_TrROS_Hall.json,r10_437_TrROS_Hall.pdb_F6N.json,-1.57245730068383
r10_437_TrROS_Hall.json,r10_437_TrROS_Hall.pdb_F6H.json,-1.2309234728132
r10_437_TrROS_Hall.json,r10_437_TrROS_Hall.pdb_F6D.json,-2.16301472647245
r10_437_TrROS_Hall.json,r10_437_TrROS_Hall.pdb_F6R.json,-0.943708536040956
r10_437_TrROS_Hall.json,r10_437_TrROS_Hall.pdb_F6K.json,-1.01946234702878
r10_437_TrROS_Hall.json,r10_437_TrROS_Hall.pdb_F6T.json,-1.31419288946527
r10_437_TrROS_Hall.json,r10_437_TrROS_Hall.pdb_F6S.json,-1.66422716963083
r10_437_TrROS_Hall.json,r10_437_TrROS_Hall.pdb_F6A.json,-2.08494499204789
r10_437_TrROS_Hall.json,r10_437_TrROS_Hall.pdb_F6G.json,-2.16334049379999
r10_437_TrROS_Hall.json,r10_437_TrROS_Hall.pdb_F6M.json,-0.737017302114397
r10_437_TrROS_Hall.json,r10_437_TrROS_Hall.pdb_F6L.json,-0.225515174454522
r10_437_TrROS_Hall.json,r10_437_TrROS_Hall.pdb_F6V.json,-0.834310584461217
r10_437_TrROS_Hall.json,r10_437_TrROS_Hall.pdb_F6I.json,-0.756289108355355
r10_437_TrROS_Hall.json,r10_437_TrROS_Hall.pdb_F6W.json,-0.708909080673587
r10_437_TrROS_Hall.json,r10_437_TrROS_Hall.pdb_F6Y.json,0.0228005187705062
r10_437_TrROS_Hall.json,r10_437_TrROS_Hall.pdb_F6P.json,-2.81220901257848
r10_437_TrROS_Hall.json,r10_437_TrROS_Hall.pdb_F6C.json,-0.605446879745457
r10_437_TrROS_Hall.json,r10_437_TrROS_Hall.pdb_K7Q.json,-1.16102926829747
r10_437_TrROS_Hall.json,r10_437_TrROS_Hall.pdb_K7E.json,-2.23811441416679
r10_437_TrROS_Hall.json,r10_437_TrROS_Hall.pdb_K7N.json,-1.154642457405
r10_437_TrROS_Hall.json,r10_437_TrROS_Hall.pdb_K7H.json,-0.331271182158596
r10_437_TrROS_Hall.json,r10_437_TrROS_Hall.pdb_K7R.json,0.303672032867064
r10_437_TrROS_Hall.json,r10_437_TrROS_Hall.pdb_K7T.json,-1.1085156431861
r10_437_TrROS_Hall.json,r10_437_TrROS_Hall.pdb_K7S.json,-1.58915717402719
r10_437_TrROS_Hall.json,r10_437_TrROS_Hall.pdb_K7A.json,-1.43410788444428
r10_437_TrROS_Hall.json,r10_437_TrROS_Hall.pdb_K7G.json,-2.15497551942031
r10_437_TrROS_Hall.json,r10_437_TrROS_Hall.pdb_K7M.json,-0.489197083816186
r10_437_TrROS_Hall.json,r10_437_TrROS_Hall.pdb_K7L.json,-0.261120400918678
r10_437_TrROS_Hall.json,r10_437_TrROS_Hall.pdb_K7V.json,-0.513525348545059
r10_437_TrROS_Hall.json,r10_437_TrROS_Hall.pdb_K7I.json,-0.122022596142298
r10_437_TrROS_Hall.json,r10_437_TrROS_Hall.pdb_K7W.json,-0.843996317104672
r10_437_TrROS_Hall.json,r10_437_TrROS_Hall.pdb_K7Y.json,-0.994269866725929
r10_437_TrROS_Hall.json,r10_437_TrROS_Hall.pdb_K7F.json,-0.96411140378437
r10_437_TrROS_Hall.json,r10_437_TrROS_Hall.pdb_K7P.json,-1.52167353179047
r10_437_TrROS_Hall.json,r10_437_TrROS_Hall.pdb_K7C.json,-0.196524071954775
r10_437_TrROS_Hall.json,r10_437_TrROS_Hall.pdb_V8Q.json,-2.99409632928064
r10_437_TrROS_Hall.json,r10_437_TrROS_Hall.pdb_V8E.json,-2.57987469704147
r10_437_TrROS_Hall.json,r10_437_TrROS_Hall.pdb_V8N.json,-3.00403439992468
r10_437_TrROS_Hall.json,r10_437_TrROS_Hall.pdb_V8H.json,-2.51711608277073
r10_437_TrROS_Hall.json,r10_437_TrROS_Hall.pdb_V8D.json,-2.50283515542182
r10_437_TrROS_Hall.json,r10_437_TrROS_Hall.pdb_V8R.json,-2.09556238694807
r10_437_TrROS_Hall.json,r10_437_TrROS_Hall.pdb_V8K.json,-2.0565553152928
r10_437_TrROS_Hall.json,r10_437_TrROS_Hall.pdb_V8T.json,-2.01286904263427
r10_437_TrROS_Hall.json,r10_437_TrROS_Hall.pdb_V8S.json,-3.09066089830118
r10_437_TrROS_Hall.json,r10_437_TrROS_Hall.pdb_V8A.json,-1.41528870465654
r10_437_TrROS_Hall.json,r10_437_TrROS_Hall.pdb_V8G.json,-2.14501746129788
r10_437_TrROS_Hall.json,r10_437_TrROS_Hall.pdb_V8M.json,-1.12763588430899
r10_437_TrROS_Hall.json,r10_437_TrROS_Hall.pdb_V8L.json,-0.385288052501723
r10_437_TrROS_Hall.json,r10_437_TrROS_Hall.pdb_V8I.json,-0.230847289613459
r10_437_TrROS_Hall.json,r10_437_TrROS_Hall.pdb_V8W.json,-1.18392643460523
r10_437_TrROS_Hall.json,r10_437_TrROS_Hall.pdb_V8Y.json,-1.1635919525038
r10_437_TrROS_Hall.json,r10_437_TrROS_Hall.pdb_V8F.json,-0.740972431101396
r10_437_TrROS_Hall.json,r10_437_TrROS_Hall.pdb_V8P.json,-2.19049390003594
r10_437_TrROS_Hall.json,r10_437_TrROS_Hall.pdb_V8C.json,0.0846110119742262
r10_437_TrROS_Hall.json,r10_437_TrROS_Hall.pdb_R9Q.json,-2.27893074590787
r10_437_TrROS_Hall.json,r10_437_TrROS_Hall.pdb_R9N.json,-1.84296375700978
r10_437_TrROS_Hall.json,r10_437_TrROS_Hall.pdb_R9H.json,-1.13027490597543
r10_437_TrROS_Hall.json,r10_437_TrROS_Hall.pdb_R9K.json,-0.431336839188607
r10_437_TrROS_Hall.json,r10_437_TrROS_Hall.pdb_R9T.json,-0.989557808326652
r10_437_TrROS_Hall.json,r10_437_TrROS_Hall.pdb_R9S.json,-1.70008586537054
r10_437_TrROS_Hall.json,r10_437_TrROS_Hall.pdb_R9A.json,-2.38556994635571
r10_437_TrROS_Hall.json,r10_437_TrROS_Hall.pdb_R9M.json,-1.33164469109289
r10_437_TrROS_Hall.json,r10_437_TrROS_Hall.pdb_R9L.json,-1.02885275107729
r10_437_TrROS_Hall.json,r10_437_TrROS_Hall.pdb_R9V.json,-0.967925830940634
r10_437_TrROS_Hall.json,r10_437_TrROS_Hall.pdb_R9I.json,-0.740001970823499
r10_437_TrROS_Hall.json,r10_437_TrROS_Hall.pdb_R9W.json,-1.00147971339108
r10_437_TrROS_Hall.json,r10_437_TrROS_Hall.pdb_R9Y.json,-1.01533268293764
r10_437_TrROS_Hall.json,r10_437_TrROS_Hall.pdb_R9F.json,-1.35926355828247
r10_437_TrROS_Hall.json,r10_437_TrROS_Hall.pdb_R9C.json,-0.0735667483860735
r10_437_TrROS_Hall.json,r10_437_TrROS_Hall.pdb_V10Q.json,-2.52692826063195
r10_437_TrROS_Hall.json,r10_437_TrROS_Hall.pdb_V10N.json,-3.23452191796704
r10_437_TrROS_Hall.json,r10_437_TrROS_Hall.pdb_V10H.json,-1.85216629392082
r10_437_TrROS_Hall.json,r10_437_TrROS_Hall.pdb_V10R.json,-1.78394327651649
r10_437_TrROS_Hall.json,r10_437_TrROS_Hall.pdb_V10K.json,-2.45482580347402
r10_437_TrROS_Hall.json,r10_437_TrROS_Hall.pdb_V10T.json,-1.72721546727499
r10_437_TrROS_Hall.json,r10_437_TrROS_Hall.pdb_V10S.json,-2.24175820167808
r10_437_TrROS_Hall.json,r10_437_TrROS_Hall.pdb_V10A.json,-0.983108032600577
r10_437_TrROS_Hall.json,r10_437_TrROS_Hall.pdb_V10G.json,-1.30366695698467
r10_437_TrROS_Hall.json,r10_437_TrROS_Hall.pdb_V10M.json,-0.367141304389529
r10_437_TrROS_Hall.json,r10_437_TrROS_Hall.pdb_V10L.json,0.120597678632659
r10_437_TrROS_Hall.json,r10_437_TrROS_Hall.pdb_V10I.json,0.369936977878602
r10_437_TrROS_Hall.json,r10_437_TrROS_Hall.pdb_V10W.json,0.861364798650167
r10_437_TrROS_Hall.json,r10_437_TrROS_Hall.pdb_V10Y.json,0.694894693633874
r10_437_TrROS_Hall.json,r10_437_TrROS_Hall.pdb_V10F.json,0.752383643697065
r10_437_TrROS_Hall.json,r10_437_TrROS_Hall.pdb_R11Q.json,-1.06149655807123
r10_437_TrROS_Hall.json,r10_437_TrROS_Hall.pdb_R11E.json,-2.02348752780034
r10_437_TrROS_Hall.json,r10_437_TrROS_Hall.pdb_R11N.json,-1.57292927796404
r10_437_TrROS_Hall.json,r10_437_TrROS_Hall.pdb_R11H.json,-0.834039459788814
r10_437_TrROS_Hall.json,r10_437_TrROS_Hall.pdb_R11D.json,-2.4548887940512
r10_437_TrROS_Hall.json,r10_437_TrROS_Hall.pdb_R11K.json,-0.174679031631364
r10_437_TrROS_Hall.json,r10_437_TrROS_Hall.pdb_R11T.json,-0.461453561468907
r10_437_TrROS_Hall.json,r10_437_TrROS_Hall.pdb_R11S.json,-1.2831951618311
r10_437_TrROS_Hall.json,r10_437_TrROS_Hall.pdb_R11A.json,-1.55022182613089
r10_437_TrROS_Hall.json,r10_437_TrROS_Hall.pdb_R11G.json,-2.22243946422754
r10_437_TrROS_Hall.json,r10_437_TrROS_Hall.pdb_R11M.json,-0.632814085921726
r10_437_TrROS_Hall.json,r10_437_TrROS_Hall.pdb_R11L.json,-0.316647544013546
r10_437_TrROS_Hall.json,r10_437_TrROS_Hall.pdb_R11V.json,-0.372687020383299
r10_437_TrROS_Hall.json,r10_437_TrROS_Hall.pdb_R11I.json,-0.342912739199163
r10_437_TrROS_Hall.json,r10_437_TrROS_Hall.pdb_R11W.json,-0.495539212859398
r10_437_TrROS_Hall.json,r10_437_TrROS_Hall.pdb_R11Y.json,-0.598045397500673
r10_437_TrROS_Hall.json,r10_437_TrROS_Hall.pdb_R11F.json,-0.527620389391931
r10_437_TrROS_Hall.json,r10_437_TrROS_Hall.pdb_R11P.json,-1.89683805339066
r10_437_TrROS_Hall.json,r10_437_TrROS_Hall.pdb_R11C.json,-0.205202918216454
r10_437_TrROS_Hall.json,r10_437_TrROS_Hall.pdb_T12Q.json,-0.751690566070955
r10_437_TrROS_Hall.json,r10_437_TrROS_Hall.pdb_T12E.json,-1.81293511551427
r10_437_TrROS_Hall.json,r10_437_TrROS_Hall.pdb_T12N.json,-1.12666587129154
r10_437_TrROS_Hall.json,r10_437_TrROS_Hall.pdb_T12H.json,-0.482029993706584
r10_437_TrROS_Hall.json,r10_437_TrROS_Hall.pdb_T12D.json,-1.12073491856984
r10_437_TrROS_Hall.json,r10_437_TrROS_Hall.pdb_T12R.json,-0.478577590368355
r10_437_TrROS_Hall.json,r10_437_TrROS_Hall.pdb_T12K.json,-0.952426829111246
r10_437_TrROS_Hall.json,r10_437_TrROS_Hall.pdb_T12S.json,-0.942358805956219
r10_437_TrROS_Hall.json,r10_437_TrROS_Hall.pdb_T12A.json,-0.897560274701547
r10_437_TrROS_Hall.json,r10_437_TrROS_Hall.pdb_T12G.json,-0.900066745529643
r10_437_TrROS_Hall.json,r10_437_TrROS_Hall.pdb_T12M.json,0.735296702743086
r10_437_TrROS_Hall.json,r10_437_TrROS_Hall.pdb_T12L.json,1.01678331264798
r10_437_TrROS_Hall.json,r10_437_TrROS_Hall.pdb_T12V.json,-0.774253020810478
r10_437_TrROS_Hall.json,r10_437_TrROS_Hall.pdb_T12I.json,-0.67586895588967
r10_437_TrROS_Hall.json,r10_437_TrROS_Hall.pdb_T12W.json,1.28476024446928
r10_437_TrROS_Hall.json,r10_437_TrROS_Hall.pdb_T12Y.json,1.36196205669899
r10_437_TrROS_Hall.json,r10_437_TrROS_Hall.pdb_T12F.json,1.69606100054713
r10_437_TrROS_Hall.json,r10_437_TrROS_Hall.pdb_T12P.json,-2.54263295463045
r10_437_TrROS_Hall.json,r10_437_TrROS_Hall.pdb_T12C.json,-0.166461809944783
r10_437_TrROS_Hall.json,r10_437_TrROS_Hall.pdb_K13Q.json,-0.618355878999926
r10_437_TrROS_Hall.json,r10_437_TrROS_Hall.pdb_K13E.json,-1.04546080365669
r10_437_TrROS_Hall.json,r10_437_TrROS_Hall.pdb_K13N.json,-0.682983578841081
r10_437_TrROS_Hall.json,r10_437_TrROS_Hall.pdb_K13H.json,-0.614669918415147
r10_437_TrROS_Hall.json,r10_437_TrROS_Hall.pdb_K13D.json,-1.3430721990826
r10_437_TrROS_Hall.json,r10_437_TrROS_Hall.pdb_K13R.json,0.0106218602463812
r10_437_TrROS_Hall.json,r10_437_TrROS_Hall.pdb_K13T.json,-0.438544948618238
r10_437_TrROS_Hall.json,r10_437_TrROS_Hall.pdb_K13S.json,-0.436000709339586
r10_437_TrROS_Hall.json,r10_437_TrROS_Hall.pdb_K13A.json,-0.300704172200456
r10_437_TrROS_Hall.json,r10_437_TrROS_Hall.pdb_K13G.json,-0.820534012052307
r10_437_TrROS_Hall.json,r10_437_TrROS_Hall.pdb_K13M.json,-0.295078562718457
r10_437_TrROS_Hall.json,r10_437_TrROS_Hall.pdb_K13L.json,-0.244158932059629
r10_437_TrROS_Hall.json,r10_437_TrROS_Hall.pdb_K13V.json,-0.587143824483092
r10_437_TrROS_Hall.json,r10_437_TrROS_Hall.pdb_K13I.json,-0.524969608928393
r10_437_TrROS_Hall.json,r10_437_TrROS_Hall.pdb_K13W.json,-0.781303353280939
r10_437_TrROS_Hall.json,r10_437_TrROS_Hall.pdb_K13Y.json,-0.712343724426898
r10_437_TrROS_Hall.json,r10_437_TrROS_Hall.pdb_K13F.json,-0.57833383511052
r10_437_TrROS_Hall.json,r10_437_TrROS_Hall.pdb_K13P.json,-0.71189927994014
r10_437_TrROS_Hall.json,r10_437_TrROS_Hall.pdb_K13C.json,0.464672766495271
r10_437_TrROS_Hall.json,r10_437_TrROS_Hall.pdb_D14Q.json,-0.82370411422902
r10_437_TrROS_Hall.json,r10_437_TrROS_Hall.pdb_D14E.json,-0.85680546064566
r10_437_TrROS_Hall.json,r10_437_TrROS_Hall.pdb_D14N.json,-0.492453715671152
r10_437_TrROS_Hall.json,r10_437_TrROS_Hall.pdb_D14H.json,-0.638246217181692
r10_437_TrROS_Hall.json,r10_437_TrROS_Hall.pdb_D14R.json,-0.881219070939572
r10_437_TrROS_Hall.json,r10_437_TrROS_Hall.pdb_D14K.json,-0.867888479920307
r10_437_TrROS_Hall.json,r10_437_TrROS_Hall.pdb_D14T.json,-0.570437007458943
r10_437_TrROS_Hall.json,r10_437_TrROS_Hall.pdb_D14S.json,-0.367939932293942
r10_437_TrROS_Hall.json,r10_437_TrROS_Hall.pdb_D14A.json,-0.739011244307338
r10_437_TrROS_Hall.json,r10_437_TrROS_Hall.pdb_D14G.json,-0.46847739255647
r10_437_TrROS_Hall.json,r10_437_TrROS_Hall.pdb_D14M.json,-0.510160020270242
r10_437_TrROS_Hall.json,r10_437_TrROS_Hall.pdb_D14L.json,-0.608458826421819
r10_437_TrROS_Hall.json,r10_437_TrROS_Hall.pdb_D14V.json,-1.47809411250667
r10_437_TrROS_Hall.json,r10_437_TrROS_Hall.pdb_D14I.json,-1.41468051887387
r10_437_TrROS_Hall.json,r10_437_TrROS_Hall.pdb_D14W.json,-0.239082052276537
r10_437_TrROS_Hall.json,r10_437_TrROS_Hall.pdb_D14Y.json,-0.37540918694163
r10_437_TrROS_Hall.json,r10_437_TrROS_Hall.pdb_D14F.json,-0.3325156364019
r10_437_TrROS_Hall.json,r10_437_TrROS_Hall.pdb_D14P.json,-2.01355015685012
r10_437_TrROS_Hall.json,r10_437_TrROS_Hall.pdb_D14C.json,-0.385582304249729
r10_437_TrROS_Hall.json,r10_437_TrROS_Hall.pdb_G15Q.json,-1.49501171632107
r10_437_TrROS_Hall.json,r10_437_TrROS_Hall.pdb_G15E.json,-2.05112174460967
r10_437_TrROS_Hall.json,r10_437_TrROS_Hall.pdb_G15N.json,-1.23089047396746
r10_437_TrROS_Hall.json,r10_437_TrROS_Hall.pdb_G15H.json,-1.39976360895125
r10_437_TrROS_Hall.json,r10_437_TrROS_Hall.pdb_G15D.json,-1.86078884788382
r10_437_TrROS_Hall.json,r10_437_TrROS_Hall.pdb_G15R.json,-1.3812812869736
r10_437_TrROS_Hall.json,r10_437_TrROS_Hall.pdb_G15K.json,-1.46147386555074
r10_437_TrROS_Hall.json,r10_437_TrROS_Hall.pdb_G15T.json,-1.96642510299307
r10_437_TrROS_Hall.json,r10_437_TrROS_Hall.pdb_G15S.json,-1.8472964793409
r10_437_TrROS_Hall.json,r10_437_TrROS_Hall.pdb_G15A.json,-1.62708024826878
r10_437_TrROS_Hall.json,r10_437_TrROS_Hall.pdb_G15M.json,-1.56609448979173
r10_437_TrROS_Hall.json,r10_437_TrROS_Hall.pdb_G15L.json,-1.74748947020151
r10_437_TrROS_Hall.json,r10_437_TrROS_Hall.pdb_G15V.json,-2.79481734570015
r10_437_TrROS_Hall.json,r10_437_TrROS_Hall.pdb_G15I.json,-2.2933195023245
r10_437_TrROS_Hall.json,r10_437_TrROS_Hall.pdb_G15W.json,-1.65233536242743
r10_437_TrROS_Hall.json,r10_437_TrROS_Hall.pdb_G15Y.json,-1.74317206600436
r10_437_TrROS_Hall.json,r10_437_TrROS_Hall.pdb_G15F.json,-1.71987399709385
r10_437_TrROS_Hall.json,r10_437_TrROS_Hall.pdb_G15P.json,-2.74264245364219
r10_437_TrROS_Hall.json,r10_437_TrROS_Hall.pdb_G15C.json,-1.09290507353968
r10_437_TrROS_Hall.json,r10_437_TrROS_Hall.pdb_R16Q.json,-0.262662370530954
r10_437_TrROS_Hall.json,r10_437_TrROS_Hall.pdb_R16E.json,-0.778973425927455
r10_437_TrROS_Hall.json,r10_437_TrROS_Hall.pdb_R16N.json,-0.588479626772182
r10_437_TrROS_Hall.json,r10_437_TrROS_Hall.pdb_R16H.json,-0.318005660241011
r10_437_TrROS_Hall.json,r10_437_TrROS_Hall.pdb_R16D.json,-0.849416899981885
r10_437_TrROS_Hall.json,r10_437_TrROS_Hall.pdb_R16K.json,-0.311416388732749
r10_437_TrROS_Hall.json,r10_437_TrROS_Hall.pdb_R16T.json,-0.301195105385913
r10_437_TrROS_Hall.json,r10_437_TrROS_Hall.pdb_R16S.json,-0.595044647598719
r10_437_TrROS_Hall.json,r10_437_TrROS_Hall.pdb_R16A.json,-0.525750451899545
r10_437_TrROS_Hall.json,r10_437_TrROS_Hall.pdb_R16G.json,-0.771468272626658
r10_437_TrROS_Hall.json,r10_437_TrROS_Hall.pdb_R16M.json,-0.317716282292553
r10_437_TrROS_Hall.json,r10_437_TrROS_Hall.pdb_R16L.json,-0.166684543180015
r10_437_TrROS_Hall.json,r10_437_TrROS_Hall.pdb_R16V.json,-0.160080967054742
r10_437_TrROS_Hall.json,r10_437_TrROS_Hall.pdb_R16I.json,-0.277189616200589
r10_437_TrROS_Hall.json,r10_437_TrROS_Hall.pdb_R16W.json,0.0547282932531341
r10_437_TrROS_Hall.json,r10_437_TrROS_Hall.pdb_R16Y.json,-0.257575675872596
r10_437_TrROS_Hall.json,r10_437_TrROS_Hall.pdb_R16F.json,-0.233114659745341
r10_437_TrROS_Hall.json,r10_437_TrROS_Hall.pdb_R16P.json,-1.76059332358899
r10_437_TrROS_Hall.json,r10_437_TrROS_Hall.pdb_R16C.json,0.28835707171527
r10_437_TrROS_Hall.json,r10_437_TrROS_Hall.pdb_E17Q.json,0.108168500951429
r10_437_TrROS_Hall.json,r10_437_TrROS_Hall.pdb_E17N.json,-0.0654893008173491
r10_437_TrROS_Hall.json,r10_437_TrROS_Hall.pdb_E17H.json,0.173273622484301
r10_437_TrROS_Hall.json,r10_437_TrROS_Hall.pdb_E17D.json,-0.451047049730682
r10_437_TrROS_Hall.json,r10_437_TrROS_Hall.pdb_E17R.json,0.0934968189228944
r10_437_TrROS_Hall.json,r10_437_TrROS_Hall.pdb_E17K.json,-0.09456840679508
r10_437_TrROS_Hall.json,r10_437_TrROS_Hall.pdb_E17T.json,0.645112157724117
r10_437_TrROS_Hall.json,r10_437_TrROS_Hall.pdb_E17S.json,-0.0189394754669018
r10_437_TrROS_Hall.json,r10_437_TrROS_Hall.pdb_E17A.json,-0.288473305785513
r10_437_TrROS_Hall.json,r10_437_TrROS_Hall.pdb_E17G.json,-1.00477865511442
r10_437_TrROS_Hall.json,r10_437_TrROS_Hall.pdb_E17M.json,0.5047105961613
r10_437_TrROS_Hall.json,r10_437_TrROS_Hall.pdb_E17L.json,0.690532502686728
r10_437_TrROS_Hall.json,r10_437_TrROS_Hall.pdb_E17V.json,0.903558196464902
r10_437_TrROS_Hall.json,r10_437_TrROS_Hall.pdb_E17I.json,0.913182979297229
r10_437_TrROS_Hall.json,r10_437_TrROS_Hall.pdb_E17W.json,0.903778766478172
r10_437_TrROS_Hall.json,r10_437_TrROS_Hall.pdb_E17Y.json,0.751409123476559
r10_437_TrROS_Hall.json,r10_437_TrROS_Hall.pdb_E17F.json,0.512590162076227
r10_437_TrROS_Hall.json,r10_437_TrROS_Hall.pdb_E17P.json,-1.42518282351839
r10_437_TrROS_Hall.json,r10_437_TrROS_Hall.pdb_E17C.json,0.80029990492065
r10_437_TrROS_Hall.json,r10_437_TrROS_Hall.pdb_L18Q.json,-0.824470422832351
r10_437_TrROS_Hall.json,r10_437_TrROS_Hall.pdb_L18E.json,-1.14788071994527
r10_437_TrROS_Hall.json,r10_437_TrROS_Hall.pdb_L18N.json,-1.77267241471521
r10_437_TrROS_Hall.json,r10_437_TrROS_Hall.pdb_L18H.json,-0.642906589413277
r10_437_TrROS_Hall.json,r10_437_TrROS_Hall.pdb_L18D.json,-1.60469293825933
r10_437_TrROS_Hall.json,r10_437_TrROS_Hall.pdb_L18R.json,-0.720399187124435
r10_437_TrROS_Hall.json,r10_437_TrROS_Hall.pdb_L18K.json,-1.31242575384682
r10_437_TrROS_Hall.json,r10_437_TrROS_Hall.pdb_L18T.json,-0.771475310936411
r10_437_TrROS_Hall.json,r10_437_TrROS_Hall.pdb_L18S.json,-1.15623221172536
r10_437_TrROS_Hall.json,r10_437_TrROS_Hall.pdb_L18A.json,-1.08549446930594
r10_437_TrROS_Hall.json,r10_437_TrROS_Hall.pdb_L18G.json,-1.7439417037918
r10_437_TrROS_Hall.json,r10_437_TrROS_Hall.pdb_L18M.json,-0.0672471479103675
r10_437_TrROS_Hall.json,r10_437_TrROS_Hall.pdb_L18V.json,-0.297397582359175
r10_437_TrROS_Hall.json,r10_437_TrROS_Hall.pdb_L18I.json,0.185221354217745
r10_437_TrROS_Hall.json,r10_437_TrROS_Hall.pdb_L18W.json,0.761862181064938
r10_437_TrROS_Hall.json,r10_437_TrROS_Hall.pdb_L18Y.json,0.728727458923224
r10_437_TrROS_Hall.json,r10_437_TrROS_Hall.pdb_L18F.json,0.607243533265093
r10_437_TrROS_Hall.json,r10_437_TrROS_Hall.pdb_L18P.json,-3.14398588245224
r10_437_TrROS_Hall.json,r10_437_TrROS_Hall.pdb_L18C.json,0.383122403200844
r10_437_TrROS_Hall.json,r10_437_TrROS_Hall.pdb_E19Q.json,-0.0266152204153917
r10_437_TrROS_Hall.json,r10_437_TrROS_Hall.pdb_E19N.json,-0.0138573138529367
r10_437_TrROS_Hall.json,r10_437_TrROS_Hall.pdb_E19H.json,0.237312562978591
r10_437_TrROS_Hall.json,r10_437_TrROS_Hall.pdb_E19D.json,-0.560881618757029
r10_437_TrROS_Hall.json,r10_437_TrROS_Hall.pdb_E19R.json,0.312373255713894
r10_437_TrROS_Hall.json,r10_437_TrROS_Hall.pdb_E19K.json,-0.0814603910673348
r10_437_TrROS_Hall.json,r10_437_TrROS_Hall.pdb_E19T.json,0.493390945541578
r10_437_TrROS_Hall.json,r10_437_TrROS_Hall.pdb_E19S.json,-0.0249735960037216
r10_437_TrROS_Hall.json,r10_437_TrROS_Hall.pdb_E19A.json,-0.490130060972784
r10_437_TrROS_Hall.json,r10_437_TrROS_Hall.pdb_E19G.json,-1.36198795187622
r10_437_TrROS_Hall.json,r10_437_TrROS_Hall.pdb_E19M.json,0.206520096294921
r10_437_TrROS_Hall.json,r10_437_TrROS_Hall.pdb_E19L.json,0.483563086811653
r10_437_TrROS_Hall.json,r10_437_TrROS_Hall.pdb_E19V.json,0.53304662907822
r10_437_TrROS_Hall.json,r10_437_TrROS_Hall.pdb_E19I.json,0.619737977012271
r10_437_TrROS_Hall.json,r10_437_TrROS_Hall.pdb_E19W.json,0.820058629906443
r10_437_TrROS_Hall.json,r10_437_TrROS_Hall.pdb_E19Y.json,0.672873272166044
r10_437_TrROS_Hall.json,r10_437_TrROS_Hall.pdb_E19F.json,0.625584635658411
r10_437_TrROS_Hall.json,r10_437_TrROS_Hall.pdb_E19P.json,-2.19875935654141
r10_437_TrROS_Hall.json,r10_437_TrROS_Hall.pdb_E19C.json,0.20866207802739
r10_437_TrROS_Hall.json,r10_437_TrROS_Hall.pdb_I20Q.json,-1.3404438911177
r10_437_TrROS_Hall.json,r10_437_TrROS_Hall.pdb_I20E.json,-1.7692675813253
r10_437_TrROS_Hall.json,r10_437_TrROS_Hall.pdb_I20N.json,-2.23747045471529
r10_437_TrROS_Hall.json,r10_437_TrROS_Hall.pdb_I20H.json,-1.25745289855489
r10_437_TrROS_Hall.json,r10_437_TrROS_Hall.pdb_I20D.json,-2.13988265776307
r10_437_TrROS_Hall.json,r10_437_TrROS_Hall.pdb_I20R.json,-1.14961866901787
r10_437_TrROS_Hall.json,r10_437_TrROS_Hall.pdb_I20K.json,-1.45925947485796
r10_437_TrROS_Hall.json,r10_437_TrROS_Hall.pdb_I20T.json,-1.03914195303897
r10_437_TrROS_Hall.json,r10_437_TrROS_Hall.pdb_I20S.json,-1.57386568602959
r10_437_TrROS_Hall.json,r10_437_TrROS_Hall.pdb_I20A.json,-0.974421142002975
r10_437_TrROS_Hall.json,r10_437_TrROS_Hall.pdb_I20G.json,-1.64077185797446
r10_437_TrROS_Hall.json,r10_437_TrROS_Hall.pdb_I20M.json,0.0064635159110699
r10_437_TrROS_Hall.json,r10_437_TrROS_Hall.pdb_I20L.json,0.0410185366812934
r10_437_TrROS_Hall.json,r10_437_TrROS_Hall.pdb_I20V.json,-0.248419089319654
r10_437_TrROS_Hall.json,r10_437_TrROS_Hall.pdb_I20W.json,0.433240636609241
r10_437_TrROS_Hall.json,r10_437_TrROS_Hall.pdb_I20Y.json,0.525381045082969
r10_437_TrROS_Hall.json,r10_437_TrROS_Hall.pdb_I20F.json,0.953977901295023
r10_437_TrROS_Hall.json,r10_437_TrROS_Hall.pdb_I20C.json,0.172591420946288
r10_437_TrROS_Hall.json,r10_437_TrROS_Hall.pdb_E21Q.json,0.105125001628387
r10_437_TrROS_Hall.json,r10_437_TrROS_Hall.pdb_E21N.json,-0.113415326944836
r10_437_TrROS_Hall.json,r10_437_TrROS_Hall.pdb_E21H.json,0.21336979177397
r10_437_TrROS_Hall.json,r10_437_TrROS_Hall.pdb_E21D.json,-0.524889217340255
r10_437_TrROS_Hall.json,r10_437_TrROS_Hall.pdb_E21R.json,0.282316174923202
r10_437_TrROS_Hall.json,r10_437_TrROS_Hall.pdb_E21K.json,-0.0672253187211033
r10_437_TrROS_Hall.json,r10_437_TrROS_Hall.pdb_E21T.json,0.524709547597352
r10_437_TrROS_Hall.json,r10_437_TrROS_Hall.pdb_E21S.json,-0.178935083746429
r10_437_TrROS_Hall.json,r10_437_TrROS_Hall.pdb_E21A.json,-0.400036194240109
r10_437_TrROS_Hall.json,r10_437_TrROS_Hall.pdb_E21G.json,-1.25316255358882
r10_437_TrROS_Hall.json,r10_437_TrROS_Hall.pdb_E21M.json,0.68158449907601
r10_437_TrROS_Hall.json,r10_437_TrROS_Hall.pdb_E21L.json,0.703494767013281
r10_437_TrROS_Hall.json,r10_437_TrROS_Hall.pdb_E21V.json,0.614150957314155
r10_437_TrROS_Hall.json,r10_437_TrROS_Hall.pdb_E21I.json,0.828966546737877
r10_437_TrROS_Hall.json,r10_437_TrROS_Hall.pdb_E21W.json,1.12250186424432
r10_437_TrROS_Hall.json,r10_437_TrROS_Hall.pdb_E21Y.json,0.998616819646275
r10_437_TrROS_Hall.json,r10_437_TrROS_Hall.pdb_E21F.json,0.829228430600211
r10_437_TrROS_Hall.json,r10_437_TrROS_Hall.pdb_E21P.json,-1.22899120380055
r10_437_TrROS_Hall.json,r10_437_TrROS_Hall.pdb_E21C.json,0.671963614278954
r10_437_TrROS_Hall.json,r10_437_TrROS_Hall.pdb_V22Q.json,-2.40306446787243
r10_437_TrROS_Hall.json,r10_437_TrROS_Hall.pdb_V22N.json,-2.75230447940876
r10_437_TrROS_Hall.json,r10_437_TrROS_Hall.pdb_V22H.json,-2.55669361172877
r10_437_TrROS_Hall.json,r10_437_TrROS_Hall.pdb_V22D.json,-3.39002558716253
r10_437_TrROS_Hall.json,r10_437_TrROS_Hall.pdb_V22R.json,-2.56085515809333
r10_437_TrROS_Hall.json,r10_437_TrROS_Hall.pdb_V22K.json,-2.63516092543558
r10_437_TrROS_Hall.json,r10_437_TrROS_Hall.pdb_V22T.json,-1.04407489016828
r10_437_TrROS_Hall.json,r10_437_TrROS_Hall.pdb_V22S.json,-1.29580522993627
r10_437_TrROS_Hall.json,r10_437_TrROS_Hall.pdb_V22A.json,-0.910157634955293
r10_437_TrROS_Hall.json,r10_437_TrROS_Hall.pdb_V22G.json,-0.899133328846499
r10_437_TrROS_Hall.json,r10_437_TrROS_Hall.pdb_V22M.json,-0.316113027958264
r10_437_TrROS_Hall.json,r10_437_TrROS_Hall.pdb_V22L.json,-0.196081436930152
r10_437_TrROS_Hall.json,r10_437_TrROS_Hall.pdb_V22I.json,-0.209313568773683
r10_437_TrROS_Hall.json,r10_437_TrROS_Hall.pdb_V22W.json,-1.47819412026755
r10_437_TrROS_Hall.json,r10_437_TrROS_Hall.pdb_V22Y.json,-1.4396764440254
r10_437_TrROS_Hall.json,r10_437_TrROS_Hall.pdb_V22F.json,-1.24867077445573
r10_437_TrROS_Hall.json,r10_437_TrROS_Hall.pdb_V22P.json,-3.01022401256078
r10_437_TrROS_Hall.json,r10_437_TrROS_Hall.pdb_V22C.json,0.102020531720519
r10_437_TrROS_Hall.json,r10_437_TrROS_Hall.pdb_S23Q.json,-0.647771991701898
r10_437_TrROS_Hall.json,r10_437_TrROS_Hall.pdb_S23E.json,-1.18879598486156
r10_437_TrROS_Hall.json,r10_437_TrROS_Hall.pdb_S23N.json,0.0164809272780463
r10_437_TrROS_Hall.json,r10_437_TrROS_Hall.pdb_S23H.json,-0.271435191263746
r10_437_TrROS_Hall.json,r10_437_TrROS_Hall.pdb_S23D.json,-0.879288187636939
r10_437_TrROS_Hall.json,r10_437_TrROS_Hall.pdb_S23R.json,0.27771359281216
r10_437_TrROS_Hall.json,r10_437_TrROS_Hall.pdb_S23K.json,0.0161197884768746
r10_437_TrROS_Hall.json,r10_437_TrROS_Hall.pdb_S23T.json,0.120784971051199
r10_437_TrROS_Hall.json,r10_437_TrROS_Hall.pdb_S23A.json,-0.133807990759918
r10_437_TrROS_Hall.json,r10_437_TrROS_Hall.pdb_S23G.json,-0.264665012534226
r10_437_TrROS_Hall.json,r10_437_TrROS_Hall.pdb_S23M.json,-0.318929157241686
r10_437_TrROS_Hall.json,r10_437_TrROS_Hall.pdb_S23L.json,-0.319511708296484
r10_437_TrROS_Hall.json,r10_437_TrROS_Hall.pdb_S23V.json,-0.541339262584994
r10_437_TrROS_Hall.json,r10_437_TrROS_Hall.pdb_S23I.json,-0.414944599165561
r10_437_TrROS_Hall.json,r10_437_TrROS_Hall.pdb_S23W.json,-0.14762987470449
r10_437_TrROS_Hall.json,r10_437_TrROS_Hall.pdb_S23Y.json,-0.141869503906098
r10_437_TrROS_Hall.json,r10_437_TrROS_Hall.pdb_S23F.json,-0.330762570203203
r10_437_TrROS_Hall.json,r10_437_TrROS_Hall.pdb_S23P.json,-0.678016626426581
r10_437_TrROS_Hall.json,r10_437_TrROS_Hall.pdb_S23C.json,-0.265022174851757
r10_437_TrROS_Hall.json,r10_437_TrROS_Hall.pdb_A24Q.json,-0.26340283323127
r10_437_TrROS_Hall.json,r10_437_TrROS_Hall.pdb_A24E.json,-0.644530531001728
r10_437_TrROS_Hall.json,r10_437_TrROS_Hall.pdb_A24N.json,-0.899962044104027
r10_437_TrROS_Hall.json,r10_437_TrROS_Hall.pdb_A24H.json,-0.459605197015374
r10_437_TrROS_Hall.json,r10_437_TrROS_Hall.pdb_A24D.json,-1.38579165714769
r10_437_TrROS_Hall.json,r10_437_TrROS_Hall.pdb_A24R.json,0.192937064631478
r10_437_TrROS_Hall.json,r10_437_TrROS_Hall.pdb_A24K.json,-0.0203692720840846
r10_437_TrROS_Hall.json,r10_437_TrROS_Hall.pdb_A24T.json,-0.727804906676569
r10_437_TrROS_Hall.json,r10_437_TrROS_Hall.pdb_A24S.json,-0.378873054388211
r10_437_TrROS_Hall.json,r10_437_TrROS_Hall.pdb_A24G.json,-0.405953124701984
r10_437_TrROS_Hall.json,r10_437_TrROS_Hall.pdb_A24M.json,0.178437841429854
r10_437_TrROS_Hall.json,r10_437_TrROS_Hall.pdb_A24L.json,0.148211156198796
r10_437_TrROS_Hall.json,r10_437_TrROS_Hall.pdb_A24V.json,-0.368978699121481
r10_437_TrROS_Hall.json,r10_437_TrROS_Hall.pdb_A24I.json,-0.141853407356369
r10_437_TrROS_Hall.json,r10_437_TrROS_Hall.pdb_A24W.json,0.343977691074105
r10_437_TrROS_Hall.json,r10_437_TrROS_Hall.pdb_A24Y.json,-0.0803586630868098
r10_437_TrROS_Hall.json,r10_437_TrROS_Hall.pdb_A24F.json,0.0419555768452499
r10_437_TrROS_Hall.json,r10_437_TrROS_Hall.pdb_A24P.json,-0.510341344880141
r10_437_TrROS_Hall.json,r10_437_TrROS_Hall.pdb_A24C.json,0.0613564495327514
r10_437_TrROS_Hall.json,r10_437_TrROS_Hall.pdb_E25Q.json,0.112546304204924
r10_437_TrROS_Hall.json,r10_437_TrROS_Hall.pdb_E25N.json,0.156034281741862
r10_437_TrROS_Hall.json,r10_437_TrROS_Hall.pdb_E25H.json,0.198311488562883
r10_437_TrROS_Hall.json,r10_437_TrROS_Hall.pdb_E25D.json,-0.105905246300441
r10_437_TrROS_Hall.json,r10_437_TrROS_Hall.pdb_E25R.json,0.519832503789342
r10_437_TrROS_Hall.json,r10_437_TrROS_Hall.pdb_E25K.json,0.340543233009174
r10_437_TrROS_Hall.json,r10_437_TrROS_Hall.pdb_E25T.json,0.245338290993894
r10_437_TrROS_Hall.json,r10_437_TrROS_Hall.pdb_E25S.json,0.357242173998228
r10_437_TrROS_Hall.json,r10_437_TrROS_Hall.pdb_E25A.json,0.358048084070751
r10_437_TrROS_Hall.json,r10_437_TrROS_Hall.pdb_E25G.json,0.107462345040469
r10_437_TrROS_Hall.json,r10_437_TrROS_Hall.pdb_E25M.json,0.335990782299643
r10_437_TrROS_Hall.json,r10_437_TrROS_Hall.pdb_E25L.json,0.232213048144935
r10_437_TrROS_Hall.json,r10_437_TrROS_Hall.pdb_E25V.json,0.0366578362766452
r10_437_TrROS_Hall.json,r10_437_TrROS_Hall.pdb_E25I.json,0.151583802038944
r10_437_TrROS_Hall.json,r10_437_TrROS_Hall.pdb_E25W.json,0.441127461598962
r10_437_TrROS_Hall.json,r10_437_TrROS_Hall.pdb_E25Y.json,0.604650325271405
r10_437_TrROS_Hall.json,r10_437_TrROS_Hall.pdb_E25F.json,0.545909444664543
r10_437_TrROS_Hall.json,r10_437_TrROS_Hall.pdb_E25P.json,-0.255756759973718
r10_437_TrROS_Hall.json,r10_437_TrROS_Hall.pdb_E25C.json,0.04842878147157
r10_437_TrROS_Hall.json,r10_437_TrROS_Hall.pdb_D26Q.json,0.17048859524999
r10_437_TrROS_Hall.json,r10_437_TrROS_Hall.pdb_D26E.json,0.0490700710178768
r10_437_TrROS_Hall.json,r10_437_TrROS_Hall.pdb_D26N.json,-0.178715757606422
r10_437_TrROS_Hall.json,r10_437_TrROS_Hall.pdb_D26H.json,-0.330819476037512
r10_437_TrROS_Hall.json,r10_437_TrROS_Hall.pdb_D26R.json,-0.477045276671243
r10_437_TrROS_Hall.json,r10_437_TrROS_Hall.pdb_D26K.json,-0.351795474202162
r10_437_TrROS_Hall.json,r10_437_TrROS_Hall.pdb_D26T.json,-0.511219215759661
r10_437_TrROS_Hall.json,r10_437_TrROS_Hall.pdb_D26S.json,-0.397768602669132
r10_437_TrROS_Hall.json,r10_437_TrROS_Hall.pdb_D26A.json,-0.155209940322169
r10_437_TrROS_Hall.json,r10_437_TrROS_Hall.pdb_D26G.json,-0.0481666688584017
r10_437_TrROS_Hall.json,r10_437_TrROS_Hall.pdb_D26M.json,0.0529054455612998
r10_437_TrROS_Hall.json,r10_437_TrROS_Hall.pdb_D26L.json,-0.180543091744657
r10_437_TrROS_Hall.json,r10_437_TrROS_Hall.pdb_D26V.json,-0.52920631649986
r10_437_TrROS_Hall.json,r10_437_TrROS_Hall.pdb_D26I.json,-0.547286457608418
r10_437_TrROS_Hall.json,r10_437_TrROS_Hall.pdb_D26W.json,-0.12895102772305
r10_437_TrROS_Hall.json,r10_437_TrROS_Hall.pdb_D26Y.json,-0.248837142089331
r10_437_TrROS_Hall.json,r10_437_TrROS_Hall.pdb_D26F.json,-0.11184566641009
r10_437_TrROS_Hall.json,r10_437_TrROS_Hall.pdb_D26P.json,-2.03300523004522
r10_437_TrROS_Hall.json,r10_437_TrROS_Hall.pdb_D26C.json,0.0972602854793063
r10_437_TrROS_Hall.json,r10_437_TrROS_Hall.pdb_L27Q.json,-2.58684615889438
r10_437_TrROS_Hall.json,r10_437_TrROS_Hall.pdb_L27E.json,-2.59263710904329
r10_437_TrROS_Hall.json,r10_437_TrROS_Hall.pdb_L27N.json,-2.77546884024976
r10_437_TrROS_Hall.json,r10_437_TrROS_Hall.pdb_L27H.json,-2.07268652912667
r10_437_TrROS_Hall.json,r10_437_TrROS_Hall.pdb_L27D.json,-2.73362864996841
r10_437_TrROS_Hall.json,r10_437_TrROS_Hall.pdb_L27R.json,-1.85783762210604
r10_437_TrROS_Hall.json,r10_437_TrROS_Hall.pdb_L27K.json,-1.93929978769659
r10_437_TrROS_Hall.json,r10_437_TrROS_Hall.pdb_L27T.json,-2.36003192226128
r10_437_TrROS_Hall.json,r10_437_TrROS_Hall.pdb_L27S.json,-2.59956321664531
r10_437_TrROS_Hall.json,r10_437_TrROS_Hall.pdb_L27A.json,-1.83371558180905
r10_437_TrROS_Hall.json,r10_437_TrROS_Hall.pdb_L27G.json,-2.02709986363531
r10_437_TrROS_Hall.json,r10_437_TrROS_Hall.pdb_L27M.json,-0.817098186319024
r10_437_TrROS_Hall.json,r10_437_TrROS_Hall.pdb_L27V.json,-0.939222836452658
r10_437_TrROS_Hall.json,r10_437_TrROS_Hall.pdb_L27I.json,-0.516392959560573
r10_437_TrROS_Hall.json,r10_437_TrROS_Hall.pdb_L27W.json,-0.641683161841122
r10_437_TrROS_Hall.json,r10_437_TrROS_Hall.pdb_L27Y.json,-0.747262544239523
r10_437_TrROS_Hall.json,r10_437_TrROS_Hall.pdb_L27F.json,-0.573362562269053
r10_437_TrROS_Hall.json,r10_437_TrROS_Hall.pdb_L27P.json,-2.71243473820877
r10_437_TrROS_Hall.json,r10_437_TrROS_Hall.pdb_E28Q.json,0.497879332578
r10_437_TrROS_Hall.json,r10_437_TrROS_Hall.pdb_E28N.json,-0.103256509856908
r10_437_TrROS_Hall.json,r10_437_TrROS_Hall.pdb_E28H.json,0.216530641666579
r10_437_TrROS_Hall.json,r10_437_TrROS_Hall.pdb_E28D.json,-0.133927999513055
r10_437_TrROS_Hall.json,r10_437_TrROS_Hall.pdb_E28R.json,0.511537615360442
r10_437_TrROS_Hall.json,r10_437_TrROS_Hall.pdb_E28K.json,0.355992993316605
r10_437_TrROS_Hall.json,r10_437_TrROS_Hall.pdb_E28T.json,-0.0562195738930575
r10_437_TrROS_Hall.json,r10_437_TrROS_Hall.pdb_E28S.json,0.0045042118771192
r10_437_TrROS_Hall.json,r10_437_TrROS_Hall.pdb_E28A.json,0.407596893764239
r10_437_TrROS_Hall.json,r10_437_TrROS_Hall.pdb_E28G.json,-0.0603528737704257
r10_437_TrROS_Hall.json,r10_437_TrROS_Hall.pdb_E28M.json,0.453566301972656
r10_437_TrROS_Hall.json,r10_437_TrROS_Hall.pdb_E28L.json,0.30074698740476
r10_437_TrROS_Hall.json,r10_437_TrROS_Hall.pdb_E28V.json,0.241143504134696
r10_437_TrROS_Hall.json,r10_437_TrROS_Hall.pdb_E28I.json,0.354811742352428
r10_437_TrROS_Hall.json,r10_437_TrROS_Hall.pdb_E28W.json,0.863628597274816
r10_437_TrROS_Hall.json,r10_437_TrROS_Hall.pdb_E28Y.json,0.56316499013526
r10_437_TrROS_Hall.json,r10_437_TrROS_Hall.pdb_E28F.json,0.497039327674231
r10_437_TrROS_Hall.json,r10_437_TrROS_Hall.pdb_E28P.json,-0.13979178254869
r10_437_TrROS_Hall.json,r10_437_TrROS_Hall.pdb_K29Q.json,-0.386217663898707
r10_437_TrROS_Hall.json,r10_437_TrROS_Hall.pdb_K29E.json,-0.632708467015647
r10_437_TrROS_Hall.json,r10_437_TrROS_Hall.pdb_K29N.json,-0.555905494042586
r10_437_TrROS_Hall.json,r10_437_TrROS_Hall.pdb_K29H.json,-0.523513406205557
r10_437_TrROS_Hall.json,r10_437_TrROS_Hall.pdb_K29D.json,-0.716860853957824
r10_437_TrROS_Hall.json,r10_437_TrROS_Hall.pdb_K29R.json,0.0676576447962875
r10_437_TrROS_Hall.json,r10_437_TrROS_Hall.pdb_K29T.json,-0.46400286376215
r10_437_TrROS_Hall.json,r10_437_TrROS_Hall.pdb_K29S.json,-0.414103671068209
r10_437_TrROS_Hall.json,r10_437_TrROS_Hall.pdb_K29A.json,-0.0229732617191329
r10_437_TrROS_Hall.json,r10_437_TrROS_Hall.pdb_K29G.json,-0.589852125593326
r10_437_TrROS_Hall.json,r10_437_TrROS_Hall.pdb_K29M.json,-0.288076696254007
r10_437_TrROS_Hall.json,r10_437_TrROS_Hall.pdb_K29L.json,-0.259689142694952
r10_437_TrROS_Hall.json,r10_437_TrROS_Hall.pdb_K29V.json,-0.72095421043364
r10_437_TrROS_Hall.json,r10_437_TrROS_Hall.pdb_K29I.json,-0.62734804191366
r10_437_TrROS_Hall.json,r10_437_TrROS_Hall.pdb_K29W.json,-0.110317071344407
r10_437_TrROS_Hall.json,r10_437_TrROS_Hall.pdb_K29Y.json,-0.47065573629601
r10_437_TrROS_Hall.json,r10_437_TrROS_Hall.pdb_K29F.json,-0.385190943293651
r10_437_TrROS_Hall.json,r10_437_TrROS_Hall.pdb_K29P.json,-1.34388165863033
r10_437_TrROS_Hall.json,r10_437_TrROS_Hall.pdb_K29C.json,-0.177909899741918
r10_437_TrROS_Hall.json,r10_437_TrROS_Hall.pdb_L30Q.json,-1.64612022945305
r10_437_TrROS_Hall.json,r10_437_TrROS_Hall.pdb_L30E.json,-1.77588566358969
r10_437_TrROS_Hall.json,r10_437_TrROS_Hall.pdb_L30N.json,-2.12797158567923
r10_437_TrROS_Hall.json,r10_437_TrROS_Hall.pdb_L30H.json,-1.55529812464321
r10_437_TrROS_Hall.json,r10_437_TrROS_Hall.pdb_L30D.json,-2.5969951599564
r10_437_TrROS_Hall.json,r10_437_TrROS_Hall.pdb_L30R.json,-1.59906501999249
r10_437_TrROS_Hall.json,r10_437_TrROS_Hall.pdb_L30K.json,-1.90259460457287
r10_437_TrROS_Hall.json,r10_437_TrROS_Hall.pdb_L30T.json,-0.672276414157533
r10_437_TrROS_Hall.json,r10_437_TrROS_Hall.pdb_L30S.json,-1.52189469574684
r10_437_TrROS_Hall.json,r10_437_TrROS_Hall.pdb_L30A.json,-0.920303930960826
r10_437_TrROS_Hall.json,r10_437_TrROS_Hall.pdb_L30G.json,-2.0135014580704
r10_437_TrROS_Hall.json,r10_437_TrROS_Hall.pdb_L30M.json,-0.362008454979369
r10_437_TrROS_Hall.json,r10_437_TrROS_Hall.pdb_L30I.json,-0.273372462112221
r10_437_TrROS_Hall.json,r10_437_TrROS_Hall.pdb_L30W.json,0.0773700196592921
r10_437_TrROS_Hall.json,r10_437_TrROS_Hall.pdb_L30Y.json,-0.234401460487453
r10_437_TrROS_Hall.json,r10_437_TrROS_Hall.pdb_L30F.json,0.326893143693807
r10_437_TrROS_Hall.json,r10_437_TrROS_Hall.pdb_L30P.json,-2.65240397575129
r10_437_TrROS_Hall.json,r10_437_TrROS_Hall.pdb_L30C.json,-0.488563804044468
r10_437_TrROS_Hall.json,r10_437_TrROS_Hall.pdb_L31Q.json,-1.490925026424
r10_437_TrROS_Hall.json,r10_437_TrROS_Hall.pdb_L31E.json,-1.94543929233393
r10_437_TrROS_Hall.json,r10_437_TrROS_Hall.pdb_L31N.json,-1.66933211475918
r10_437_TrROS_Hall.json,r10_437_TrROS_Hall.pdb_L31H.json,-1.32697239399903
r10_437_TrROS_Hall.json,r10_437_TrROS_Hall.pdb_L31D.json,-1.99955910531368
r10_437_TrROS_Hall.json,r10_437_TrROS_Hall.pdb_L31R.json,-0.918014527545476
r10_437_TrROS_Hall.json,r10_437_TrROS_Hall.pdb_L31K.json,-1.03688107987519
r10_437_TrROS_Hall.json,r10_437_TrROS_Hall.pdb_L31T.json,-1.47799777269621
r10_437_TrROS_Hall.json,r10_437_TrROS_Hall.pdb_L31S.json,-1.54116568892157
r10_437_TrROS_Hall.json,r10_437_TrROS_Hall.pdb_L31A.json,-1.5104745200779
r10_437_TrROS_Hall.json,r10_437_TrROS_Hall.pdb_L31G.json,-1.66718733816165
r10_437_TrROS_Hall.json,r10_437_TrROS_Hall.pdb_L31M.json,-0.45462048233919
r10_437_TrROS_Hall.json,r10_437_TrROS_Hall.pdb_L31V.json,-1.09836451661599
r10_437_TrROS_Hall.json,r10_437_TrROS_Hall.pdb_L31I.json,-0.540712696398352
r10_437_TrROS_Hall.json,r10_437_TrROS_Hall.pdb_L31W.json,-0.248794005845582
r10_437_TrROS_Hall.json,r10_437_TrROS_Hall.pdb_L31Y.json,-0.694785958837356
r10_437_TrROS_Hall.json,r10_437_TrROS_Hall.pdb_L31F.json,-0.434195392409329
r10_437_TrROS_Hall.json,r10_437_TrROS_Hall.pdb_L31P.json,-2.02157885964782
r10_437_TrROS_Hall.json,r10_437_TrROS_Hall.pdb_E32Q.json,0.247353367809809
r10_437_TrROS_Hall.json,r10_437_TrROS_Hall.pdb_E32N.json,0.172291126333599
r10_437_TrROS_Hall.json,r10_437_TrROS_Hall.pdb_E32H.json,-0.0632377387109826
r10_437_TrROS_Hall.json,r10_437_TrROS_Hall.pdb_E32D.json,-0.218658627011164
r10_437_TrROS_Hall.json,r10_437_TrROS_Hall.pdb_E32R.json,0.529727193796969
r10_437_TrROS_Hall.json,r10_437_TrROS_Hall.pdb_E32K.json,0.29019037234597
r10_437_TrROS_Hall.json,r10_437_TrROS_Hall.pdb_E32T.json,-0.0162840835188706
r10_437_TrROS_Hall.json,r10_437_TrROS_Hall.pdb_E32S.json,0.172114611038963
r10_437_TrROS_Hall.json,r10_437_TrROS_Hall.pdb_E32A.json,0.419034438190701
r10_437_TrROS_Hall.json,r10_437_TrROS_Hall.pdb_E32G.json,-0.116948534549638
r10_437_TrROS_Hall.json,r10_437_TrROS_Hall.pdb_E32M.json,0.385448468265341
r10_437_TrROS_Hall.json,r10_437_TrROS_Hall.pdb_E32L.json,0.461962374073868
r10_437_TrROS_Hall.json,r10_437_TrROS_Hall.pdb_E32V.json,-0.305982171393177
r10_437_TrROS_Hall.json,r10_437_TrROS_Hall.pdb_E32I.json,-0.0343123591567628
r10_437_TrROS_Hall.json,r10_437_TrROS_Hall.pdb_E32W.json,0.584827302794135
r10_437_TrROS_Hall.json,r10_437_TrROS_Hall.pdb_E32Y.json,0.377606563467292
r10_437_TrROS_Hall.json,r10_437_TrROS_Hall.pdb_E32F.json,0.431507811761304
r10_437_TrROS_Hall.json,r10_437_TrROS_Hall.pdb_E32P.json,-1.36276007222498
r10_437_TrROS_Hall.json,r10_437_TrROS_Hall.pdb_A33Q.json,-0.060808641218669
r10_437_TrROS_Hall.json,r10_437_TrROS_Hall.pdb_A33E.json,-0.0770343477315376
r10_437_TrROS_Hall.json,r10_437_TrROS_Hall.pdb_A33N.json,0.14281454463173
r10_437_TrROS_Hall.json,r10_437_TrROS_Hall.pdb_A33H.json,-0.222122288199114
r10_437_TrROS_Hall.json,r10_437_TrROS_Hall.pdb_A33D.json,-0.260316910633153
r10_437_TrROS_Hall.json,r10_437_TrROS_Hall.pdb_A33R.json,-0.036321579057454
r10_437_TrROS_Hall.json,r10_437_TrROS_Hall.pdb_A33K.json,-0.414204555986889
r10_437_TrROS_Hall.json,r10_437_TrROS_Hall.pdb_A33T.json,0.0139767864663005
r10_437_TrROS_Hall.json,r10_437_TrROS_Hall.pdb_A33S.json,0.513443679598912
r10_437_TrROS_Hall.json,r10_437_TrROS_Hall.pdb_A33G.json,-0.0331861482164113
r10_437_TrROS_Hall.json,r10_437_TrROS_Hall.pdb_A33M.json,0.351082820106352
r10_437_TrROS_Hall.json,r10_437_TrROS_Hall.pdb_A33L.json,0.13100554728842
r10_437_TrROS_Hall.json,r10_437_TrROS_Hall.pdb_A33V.json,-0.28361027437353
r10_437_TrROS_Hall.json,r10_437_TrROS_Hall.pdb_A33I.json,-0.0977850925178995
r10_437_TrROS_Hall.json,r10_437_TrROS_Hall.pdb_A33W.json,0.338387560361713
r10_437_TrROS_Hall.json,r10_437_TrROS_Hall.pdb_A33Y.json,-0.0900382130114767
r10_437_TrROS_Hall.json,r10_437_TrROS_Hall.pdb_A33F.json,0.0829036772803206
r10_437_TrROS_Hall.json,r10_437_TrROS_Hall.pdb_A33P.json,-1.732562754918
r10_437_TrROS_Hall.json,r10_437_TrROS_Hall.pdb_A33C.json,0.500000659483513
r10_437_TrROS_Hall.json,r10_437_TrROS_Hall.pdb_L34Q.json,-0.942423297898034
r10_437_TrROS_Hall.json,r10_437_TrROS_Hall.pdb_L34E.json,-1.13092249038938
r10_437_TrROS_Hall.json,r10_437_TrROS_Hall.pdb_L34N.json,-0.372019971795713
r10_437_TrROS_Hall.json,r10_437_TrROS_Hall.pdb_L34H.json,-0.385612009690126
r10_437_TrROS_Hall.json,r10_437_TrROS_Hall.pdb_L34D.json,-0.778000858046059
r10_437_TrROS_Hall.json,r10_437_TrROS_Hall.pdb_L34R.json,-0.645155928387041
r10_437_TrROS_Hall.json,r10_437_TrROS_Hall.pdb_L34K.json,-1.37368928823513
r10_437_TrROS_Hall.json,r10_437_TrROS_Hall.pdb_L34T.json,-0.682475030438121
r10_437_TrROS_Hall.json,r10_437_TrROS_Hall.pdb_L34S.json,-0.707200381385227
r10_437_TrROS_Hall.json,r10_437_TrROS_Hall.pdb_L34A.json,-1.15256249840071
r10_437_TrROS_Hall.json,r10_437_TrROS_Hall.pdb_L34G.json,-1.13165449050016
r10_437_TrROS_Hall.json,r10_437_TrROS_Hall.pdb_L34M.json,2.49417010511621E-05
r10_437_TrROS_Hall.json,r10_437_TrROS_Hall.pdb_L34V.json,-0.64754982067687
r10_437_TrROS_Hall.json,r10_437_TrROS_Hall.pdb_L34I.json,0.236522645856578
r10_437_TrROS_Hall.json,r10_437_TrROS_Hall.pdb_L34W.json,0.271180630523747
r10_437_TrROS_Hall.json,r10_437_TrROS_Hall.pdb_L34Y.json,0.150153122733879
r10_437_TrROS_Hall.json,r10_437_TrROS_Hall.pdb_L34F.json,0.246744405015489
r10_437_TrROS_Hall.json,r10_437_TrROS_Hall.pdb_L34P.json,-1.7131414056166
r10_437_TrROS_Hall.json,r10_437_TrROS_Hall.pdb_L34C.json,0.187016793397406
r10_437_TrROS_Hall.json,r10_437_TrROS_Hall.pdb_P35Q.json,0.52217748813564
r10_437_TrROS_Hall.json,r10_437_TrROS_Hall.pdb_P35E.json,0.537458187656706
r10_437_TrROS_Hall.json,r10_437_TrROS_Hall.pdb_P35N.json,0.457997763955325
r10_437_TrROS_Hall.json,r10_437_TrROS_Hall.pdb_P35H.json,0.326098961437621
r10_437_TrROS_Hall.json,r10_437_TrROS_Hall.pdb_P35D.json,0.376426465657103
r10_437_TrROS_Hall.json,r10_437_TrROS_Hall.pdb_P35R.json,0.72562993287599
r10_437_TrROS_Hall.json,r10_437_TrROS_Hall.pdb_P35K.json,0.571304156303302
r10_437_TrROS_Hall.json,r10_437_TrROS_Hall.pdb_P35T.json,0.442543156938574
r10_437_TrROS_Hall.json,r10_437_TrROS_Hall.pdb_P35S.json,0.470200165423114
r10_437_TrROS_Hall.json,r10_437_TrROS_Hall.pdb_P35A.json,0.558058332573354
r10_437_TrROS_Hall.json,r10_437_TrROS_Hall.pdb_P35G.json,0.89799759859471
r10_437_TrROS_Hall.json,r10_437_TrROS_Hall.pdb_P35M.json,0.469624438255491
r10_437_TrROS_Hall.json,r10_437_TrROS_Hall.pdb_P35L.json,0.574052592047019
r10_437_TrROS_Hall.json,r10_437_TrROS_Hall.pdb_P35V.json,0.52723650790734
r10_437_TrROS_Hall.json,r10_437_TrROS_Hall.pdb_P35I.json,0.651721021770528
r10_437_TrROS_Hall.json,r10_437_TrROS_Hall.pdb_P35W.json,0.702798217626193
r10_437_TrROS_Hall.json,r10_437_TrROS_Hall.pdb_P35Y.json,0.515671036178039
r10_437_TrROS_Hall.json,r10_437_TrROS_Hall.pdb_P35F.json,0.635149668710076
r10_437_TrROS_Hall.json,r10_437_TrROS_Hall.pdb_P35C.json,0.447441289887709
r10_437_TrROS_Hall.json,r10_437_TrROS_Hall.pdb_D36Q.json,-0.466262958083304
r10_437_TrROS_Hall.json,r10_437_TrROS_Hall.pdb_D36E.json,-0.23882293793936
r10_437_TrROS_Hall.json,r10_437_TrROS_Hall.pdb_D36N.json,-0.15406308008473
r10_437_TrROS_Hall.json,r10_437_TrROS_Hall.pdb_D36H.json,-0.539120993254367
r10_437_TrROS_Hall.json,r10_437_TrROS_Hall.pdb_D36R.json,-0.716930145856
r10_437_TrROS_Hall.json,r10_437_TrROS_Hall.pdb_D36K.json,-0.93096232847873
r10_437_TrROS_Hall.json,r10_437_TrROS_Hall.pdb_D36T.json,-0.731738816282099
r10_437_TrROS_Hall.json,r10_437_TrROS_Hall.pdb_D36S.json,-0.583028490035129
r10_437_TrROS_Hall.json,r10_437_TrROS_Hall.pdb_D36A.json,-0.578565223775375
r10_437_TrROS_Hall.json,r10_437_TrROS_Hall.pdb_D36G.json,-0.375562107406886
r10_437_TrROS_Hall.json,r10_437_TrROS_Hall.pdb_D36M.json,-0.545480477251883
r10_437_TrROS_Hall.json,r10_437_TrROS_Hall.pdb_D36L.json,-0.604513903824457
r10_437_TrROS_Hall.json,r10_437_TrROS_Hall.pdb_D36V.json,-0.986318631817491
r10_437_TrROS_Hall.json,r10_437_TrROS_Hall.pdb_D36I.json,-0.906670252345378
r10_437_TrROS_Hall.json,r10_437_TrROS_Hall.pdb_D36W.json,-0.182727302150679
r10_437_TrROS_Hall.json,r10_437_TrROS_Hall.pdb_D36Y.json,-0.328635334583258
r10_437_TrROS_Hall.json,r10_437_TrROS_Hall.pdb_D36F.json,-0.204536122926988
r10_437_TrROS_Hall.json,r10_437_TrROS_Hall.pdb_D36P.json,-0.689444244170825
r10_437_TrROS_Hall.json,r10_437_TrROS_Hall.pdb_D36C.json,0.0087978717803784
r10_437_TrROS_Hall.json,r10_437_TrROS_Hall.pdb_I37Q.json,-0.802405506261097
r10_437_TrROS_Hall.json,r10_437_TrROS_Hall.pdb_I37E.json,-0.779793515196925
r10_437_TrROS_Hall.json,r10_437_TrROS_Hall.pdb_I37N.json,-0.475549302763131
r10_437_TrROS_Hall.json,r10_437_TrROS_Hall.pdb_I37H.json,-0.0413986369582222
r10_437_TrROS_Hall.json,r10_437_TrROS_Hall.pdb_I37D.json,-0.474427713046653
r10_437_TrROS_Hall.json,r10_437_TrROS_Hall.pdb_I37R.json,-0.60284843541623
r10_437_TrROS_Hall.json,r10_437_TrROS_Hall.pdb_I37K.json,-0.739842511967421
r10_437_TrROS_Hall.json,r10_437_TrROS_Hall.pdb_I37T.json,-0.482888930736053
r10_437_TrROS_Hall.json,r10_437_TrROS_Hall.pdb_I37S.json,-0.379355565278392
r10_437_TrROS_Hall.json,r10_437_TrROS_Hall.pdb_I37A.json,-0.0487946004236379
r10_437_TrROS_Hall.json,r10_437_TrROS_Hall.pdb_I37G.json,-0.359450132621396
r10_437_TrROS_Hall.json,r10_437_TrROS_Hall.pdb_I37M.json,-0.413144036476658
r10_437_TrROS_Hall.json,r10_437_TrROS_Hall.pdb_I37L.json,-0.151990847524365
r10_437_TrROS_Hall.json,r10_437_TrROS_Hall.pdb_I37V.json,-0.033225248547553
r10_437_TrROS_Hall.json,r10_437_TrROS_Hall.pdb_I37W.json,0.384871209444279
r10_437_TrROS_Hall.json,r10_437_TrROS_Hall.pdb_I37Y.json,0.501508640589607
r10_437_TrROS_Hall.json,r10_437_TrROS_Hall.pdb_I37F.json,0.231977447219673
r10_437_TrROS_Hall.json,r10_437_TrROS_Hall.pdb_I37P.json,-0.727478026133842
r10_437_TrROS_Hall.json,r10_437_TrROS_Hall.pdb_I37C.json,0.217355712170062
r10_437_TrROS_Hall.json,r10_437_TrROS_Hall.pdb_E38Q.json,-0.167218682225879
r10_437_TrROS_Hall.json,r10_437_TrROS_Hall.pdb_E38N.json,-0.557297625345437
r10_437_TrROS_Hall.json,r10_437_TrROS_Hall.pdb_E38H.json,-0.254669665937415
r10_437_TrROS_Hall.json,r10_437_TrROS_Hall.pdb_E38D.json,0.0158001010973878
r10_437_TrROS_Hall.json,r10_437_TrROS_Hall.pdb_E38R.json,-0.459091059574437
r10_437_TrROS_Hall.json,r10_437_TrROS_Hall.pdb_E38K.json,-0.573722928053909
r10_437_TrROS_Hall.json,r10_437_TrROS_Hall.pdb_E38T.json,-0.126031091652894
r10_437_TrROS_Hall.json,r10_437_TrROS_Hall.pdb_E38S.json,-0.025428793145386
r10_437_TrROS_Hall.json,r10_437_TrROS_Hall.pdb_E38A.json,-0.054791518243209
r10_437_TrROS_Hall.json,r10_437_TrROS_Hall.pdb_E38G.json,-0.213396473632263
r10_437_TrROS_Hall.json,r10_437_TrROS_Hall.pdb_E38M.json,0.214034983672258
r10_437_TrROS_Hall.json,r10_437_TrROS_Hall.pdb_E38L.json,0.307280043822964
r10_437_TrROS_Hall.json,r10_437_TrROS_Hall.pdb_E38V.json,0.243585498489105
r10_437_TrROS_Hall.json,r10_437_TrROS_Hall.pdb_E38I.json,0.353809931688654
r10_437_TrROS_Hall.json,r10_437_TrROS_Hall.pdb_E38W.json,0.564861764099682
r10_437_TrROS_Hall.json,r10_437_TrROS_Hall.pdb_E38Y.json,0.406510535032349
r10_437_TrROS_Hall.json,r10_437_TrROS_Hall.pdb_E38F.json,0.361941762453672
r10_437_TrROS_Hall.json,r10_437_TrROS_Hall.pdb_E38P.json,-1.03701088358893
r10_437_TrROS_Hall.json,r10_437_TrROS_Hall.pdb_E38C.json,-0.0137887629046353
r10_437_TrROS_Hall.json,r10_437_TrROS_Hall.pdb_E39Q.json,0.0633542975661436
r10_437_TrROS_Hall.json,r10_437_TrROS_Hall.pdb_E39N.json,-0.0816364347531628
r10_437_TrROS_Hall.json,r10_437_TrROS_Hall.pdb_E39H.json,0.268587901356519
r10_437_TrROS_Hall.json,r10_437_TrROS_Hall.pdb_E39D.json,-0.106907515936729
r10_437_TrROS_Hall.json,r10_437_TrROS_Hall.pdb_E39R.json,0.192097598840226
r10_437_TrROS_Hall.json,r10_437_TrROS_Hall.pdb_E39K.json,0.04774681217078
r10_437_TrROS_Hall.json,r10_437_TrROS_Hall.pdb_E39T.json,0.324456421467684
r10_437_TrROS_Hall.json,r10_437_TrROS_Hall.pdb_E39S.json,0.537909406943524
r10_437_TrROS_Hall.json,r10_437_TrROS_Hall.pdb_E39A.json,0.0987269279655387
r10_437_TrROS_Hall.json,r10_437_TrROS_Hall.pdb_E39G.json,-0.114565732673267
r10_437_TrROS_Hall.json,r10_437_TrROS_Hall.pdb_E39M.json,0.511095056458992
r10_437_TrROS_Hall.json,r10_437_TrROS_Hall.pdb_E39L.json,0.776525725334041
r10_437_TrROS_Hall.json,r10_437_TrROS_Hall.pdb_E39V.json,0.674124314892666
r10_437_TrROS_Hall.json,r10_437_TrROS_Hall.pdb_E39I.json,0.979861895246595
r10_437_TrROS_Hall.json,r10_437_TrROS_Hall.pdb_E39W.json,1.00742467069556
r10_437_TrROS_Hall.json,r10_437_TrROS_Hall.pdb_E39Y.json,0.585229786469261
r10_437_TrROS_Hall.json,r10_437_TrROS_Hall.pdb_E39F.json,0.694746758201755
r10_437_TrROS_Hall.json,r10_437_TrROS_Hall.pdb_E39P.json,-1.05362518843199
r10_437_TrROS_Hall.json,r10_437_TrROS_Hall.pdb_E39C.json,0.252122215560685
r10_437_TrROS_Hall.json,r10_437_TrROS_Hall.pdb_V40Q.json,-1.36146967715902
r10_437_TrROS_Hall.json,r10_437_TrROS_Hall.pdb_V40E.json,-1.38386249565858
r10_437_TrROS_Hall.json,r10_437_TrROS_Hall.pdb_V40N.json,-1.41115549847613
r10_437_TrROS_Hall.json,r10_437_TrROS_Hall.pdb_V40H.json,-1.06908397469393
r10_437_TrROS_Hall.json,r10_437_TrROS_Hall.pdb_V40D.json,-1.37695998139571
r10_437_TrROS_Hall.json,r10_437_TrROS_Hall.pdb_V40R.json,-1.27959923023045
r10_437_TrROS_Hall.json,r10_437_TrROS_Hall.pdb_V40K.json,-1.27497948647026
r10_437_TrROS_Hall.json,r10_437_TrROS_Hall.pdb_V40T.json,-1.00178482432758
r10_437_TrROS_Hall.json,r10_437_TrROS_Hall.pdb_V40S.json,-1.0117225292754
r10_437_TrROS_Hall.json,r10_437_TrROS_Hall.pdb_V40A.json,-0.733122128990489
r10_437_TrROS_Hall.json,r10_437_TrROS_Hall.pdb_V40G.json,-1.3169985602569
r10_437_TrROS_Hall.json,r10_437_TrROS_Hall.pdb_V40M.json,0.0795968969915463
r10_437_TrROS_Hall.json,r10_437_TrROS_Hall.pdb_V40L.json,0.130894112790523
r10_437_TrROS_Hall.json,r10_437_TrROS_Hall.pdb_V40I.json,0.333152206042805
r10_437_TrROS_Hall.json,r10_437_TrROS_Hall.pdb_V40W.json,0.366548304814478
r10_437_TrROS_Hall.json,r10_437_TrROS_Hall.pdb_V40Y.json,0.347049650545782
r10_437_TrROS_Hall.json,r10_437_TrROS_Hall.pdb_V40F.json,0.203406832936307
r10_437_TrROS_Hall.json,r10_437_TrROS_Hall.pdb_V40P.json,-1.39973153317714
r10_437_TrROS_Hall.json,r10_437_TrROS_Hall.pdb_V40C.json,0.52374173064031
r10_437_TrROS_Hall.json,r10_437_TrROS_Hall.pdb_E41Q.json,0.0093895344126559
r10_437_TrROS_Hall.json,r10_437_TrROS_Hall.pdb_E41N.json,-0.106160074281306
r10_437_TrROS_Hall.json,r10_437_TrROS_Hall.pdb_E41H.json,0.275367212636359
r10_437_TrROS_Hall.json,r10_437_TrROS_Hall.pdb_E41D.json,-0.224301458641153
r10_437_TrROS_Hall.json,r10_437_TrROS_Hall.pdb_E41R.json,-0.0760166744607486
r10_437_TrROS_Hall.json,r10_437_TrROS_Hall.pdb_E41K.json,-0.0888335460268638
r10_437_TrROS_Hall.json,r10_437_TrROS_Hall.pdb_E41T.json,0.383946435528973
r10_437_TrROS_Hall.json,r10_437_TrROS_Hall.pdb_E41S.json,0.15954830733004
r10_437_TrROS_Hall.json,r10_437_TrROS_Hall.pdb_E41A.json,-0.317359035357949
r10_437_TrROS_Hall.json,r10_437_TrROS_Hall.pdb_E41G.json,-0.749162000999315
r10_437_TrROS_Hall.json,r10_437_TrROS_Hall.pdb_E41M.json,0.192894079514701
r10_437_TrROS_Hall.json,r10_437_TrROS_Hall.pdb_E41L.json,0.297539943480055
r10_437_TrROS_Hall.json,r10_437_TrROS_Hall.pdb_E41V.json,0.204994591088798
r10_437_TrROS_Hall.json,r10_437_TrROS_Hall.pdb_E41I.json,0.379153090708342
r10_437_TrROS_Hall.json,r10_437_TrROS_Hall.pdb_E41W.json,0.783142925192862
r10_437_TrROS_Hall.json,r10_437_TrROS_Hall.pdb_E41Y.json,0.442544069440767
r10_437_TrROS_Hall.json,r10_437_TrROS_Hall.pdb_E41F.json,0.391170514259088
r10_437_TrROS_Hall.json,r10_437_TrROS_Hall.pdb_E41P.json,-1.4452696121148
r10_437_TrROS_Hall.json,r10_437_TrROS_Hall.pdb_E41C.json,0.32898001063425
r10_437_TrROS_Hall.json,r10_437_TrROS_Hall.pdb_I42Q.json,-1.25030635978618
r10_437_TrROS_Hall.json,r10_437_TrROS_Hall.pdb_I42E.json,-1.45305427460929
r10_437_TrROS_Hall.json,r10_437_TrROS_Hall.pdb_I42N.json,-1.42327330229855
r10_437_TrROS_Hall.json,r10_437_TrROS_Hall.pdb_I42H.json,-1.08946756212001
r10_437_TrROS_Hall.json,r10_437_TrROS_Hall.pdb_I42D.json,-1.39045161691814
r10_437_TrROS_Hall.json,r10_437_TrROS_Hall.pdb_I42R.json,-0.952504855126962
r10_437_TrROS_Hall.json,r10_437_TrROS_Hall.pdb_I42K.json,-1.14734650611522
r10_437_TrROS_Hall.json,r10_437_TrROS_Hall.pdb_I42T.json,-1.0904392017025
r10_437_TrROS_Hall.json,r10_437_TrROS_Hall.pdb_I42S.json,-1.23610304686659
r10_437_TrROS_Hall.json,r10_437_TrROS_Hall.pdb_I42A.json,-1.20470839361369
r10_437_TrROS_Hall.json,r10_437_TrROS_Hall.pdb_I42G.json,-1.35914947323275
r10_437_TrROS_Hall.json,r10_437_TrROS_Hall.pdb_I42M.json,-0.612838450876073
r10_437_TrROS_Hall.json,r10_437_TrROS_Hall.pdb_I42L.json,-0.649678402622937
r10_437_TrROS_Hall.json,r10_437_TrROS_Hall.pdb_I42V.json,-0.364307899142841
r10_437_TrROS_Hall.json,r10_437_TrROS_Hall.pdb_I42W.json,0.0630870766669646
r10_437_TrROS_Hall.json,r10_437_TrROS_Hall.pdb_I42Y.json,-0.389888107763649
r10_437_TrROS_Hall.json,r10_437_TrROS_Hall.pdb_I42F.json,-0.377640942580184
r10_437_TrROS_Hall.json,r10_437_TrROS_Hall.pdb_I42P.json,-1.33935880838301
r10_437_TrROS_Hall.json,r10_437_TrROS_Hall.pdb_I42C.json,0.214888782113163
r10_437_TrROS_Hall.json,r10_437_TrROS_Hall.pdb_E43Q.json,-0.0062011794022023
r10_437_TrROS_Hall.json,r10_437_TrROS_Hall.pdb_E43N.json,-0.151569317379646
r10_437_TrROS_Hall.json,r10_437_TrROS_Hall.pdb_E43H.json,0.109201445390607
r10_437_TrROS_Hall.json,r10_437_TrROS_Hall.pdb_E43D.json,-0.526769313565541
r10_437_TrROS_Hall.json,r10_437_TrROS_Hall.pdb_E43R.json,0.0956585476408795
r10_437_TrROS_Hall.json,r10_437_TrROS_Hall.pdb_E43K.json,-0.0012162327107239
r10_437_TrROS_Hall.json,r10_437_TrROS_Hall.pdb_E43T.json,0.336934001461429
r10_437_TrROS_Hall.json,r10_437_TrROS_Hall.pdb_E43S.json,0.0800152123984174
r10_437_TrROS_Hall.json,r10_437_TrROS_Hall.pdb_E43A.json,-0.149701844911569
r10_437_TrROS_Hall.json,r10_437_TrROS_Hall.pdb_E43G.json,-0.32399281900664
r10_437_TrROS_Hall.json,r10_437_TrROS_Hall.pdb_E43M.json,0.595008165047317
r10_437_TrROS_Hall.json,r10_437_TrROS_Hall.pdb_E43L.json,0.613513378157927
r10_437_TrROS_Hall.json,r10_437_TrROS_Hall.pdb_E43V.json,0.4048602434062
r10_437_TrROS_Hall.json,r10_437_TrROS_Hall.pdb_E43I.json,0.774373158466
r10_437_TrROS_Hall.json,r10_437_TrROS_Hall.pdb_E43W.json,0.817537369886916
r10_437_TrROS_Hall.json,r10_437_TrROS_Hall.pdb_E43Y.json,0.591975435760067
r10_437_TrROS_Hall.json,r10_437_TrROS_Hall.pdb_E43F.json,0.619317781144009
r10_437_TrROS_Hall.json,r10_437_TrROS_Hall.pdb_E43P.json,-1.03103731477474
r10_437_TrROS_Hall.json,r10_437_TrROS_Hall.pdb_E43C.json,0.141277704585317
r10_437_TrROS_Hall.json,r10_437_TrROS_Hall.pdb_E44Q.json,0.170096986590484
r10_437_TrROS_Hall.json,r10_437_TrROS_Hall.pdb_E44N.json,-0.174247786831879
r10_437_TrROS_Hall.json,r10_437_TrROS_Hall.pdb_E44H.json,-0.0990147316566689
r10_437_TrROS_Hall.json,r10_437_TrROS_Hall.pdb_E44D.json,-0.411864159840502
r10_437_TrROS_Hall.json,r10_437_TrROS_Hall.pdb_E44R.json,0.374964096137835
r10_437_TrROS_Hall.json,r10_437_TrROS_Hall.pdb_E44K.json,0.202866270698802
r10_437_TrROS_Hall.json,r10_437_TrROS_Hall.pdb_E44T.json,-0.029684554313007
r10_437_TrROS_Hall.json,r10_437_TrROS_Hall.pdb_E44S.json,0.151506673719747
r10_437_TrROS_Hall.json,r10_437_TrROS_Hall.pdb_E44A.json,0.359234475213367
r10_437_TrROS_Hall.json,r10_437_TrROS_Hall.pdb_E44G.json,-0.0620433301101379
r10_437_TrROS_Hall.json,r10_437_TrROS_Hall.pdb_E44M.json,0.495468581755591
r10_437_TrROS_Hall.json,r10_437_TrROS_Hall.pdb_E44L.json,0.626649287313856
r10_437_TrROS_Hall.json,r10_437_TrROS_Hall.pdb_E44V.json,0.530167605231433
r10_437_TrROS_Hall.json,r10_437_TrROS_Hall.pdb_E44I.json,0.631293794175751
r10_437_TrROS_Hall.json,r10_437_TrROS_Hall.pdb_E44W.json,0.195056656792636
r10_437_TrROS_Hall.json,r10_437_TrROS_Hall.pdb_E44Y.json,0.144763007293952
r10_437_TrROS_Hall.json,r10_437_TrROS_Hall.pdb_E44F.json,0.32241239510862
r10_437_TrROS_Hall.json,r10_437_TrROS_Hall.pdb_E44P.json,0.229681907173825
r10_437_TrROS_Hall.json,r10_437_TrROS_Hall.pdb_E44C.json,0.523410694502958
r10_437_TrROS_Hall.json,r10_437_TrROS_Hall.pdb_V45Q.json,-0.36675713240904
r10_437_TrROS_Hall.json,r10_437_TrROS_Hall.pdb_V45E.json,-0.696697573402485
r10_437_TrROS_Hall.json,r10_437_TrROS_Hall.pdb_V45N.json,-0.487342303339478
r10_437_TrROS_Hall.json,r10_437_TrROS_Hall.pdb_V45H.json,-0.338189925655273
r10_437_TrROS_Hall.json,r10_437_TrROS_Hall.pdb_V45D.json,-0.746472342666989
r10_437_TrROS_Hall.json,r10_437_TrROS_Hall.pdb_V45R.json,-0.284532778938
r10_437_TrROS_Hall.json,r10_437_TrROS_Hall.pdb_V45K.json,-0.21389438118187
r10_437_TrROS_Hall.json,r10_437_TrROS_Hall.pdb_V45T.json,-0.344745083714548
r10_437_TrROS_Hall.json,r10_437_TrROS_Hall.pdb_V45S.json,-0.305150591106474
r10_437_TrROS_Hall.json,r10_437_TrROS_Hall.pdb_V45A.json,-0.315399642913213
r10_437_TrROS_Hall.json,r10_437_TrROS_Hall.pdb_V45G.json,-0.612035443140565
r10_437_TrROS_Hall.json,r10_437_TrROS_Hall.pdb_V45M.json,0.0722587332449942
r10_437_TrROS_Hall.json,r10_437_TrROS_Hall.pdb_V45L.json,0.188898636917175
r10_437_TrROS_Hall.json,r10_437_TrROS_Hall.pdb_V45I.json,0.199459677746789
r10_437_TrROS_Hall.json,r10_437_TrROS_Hall.pdb_V45W.json,-0.0335165067106495
r10_437_TrROS_Hall.json,r10_437_TrROS_Hall.pdb_V45Y.json,-0.187751628660853
r10_437_TrROS_Hall.json,r10_437_TrROS_Hall.pdb_V45F.json,-0.219659851907305
r10_437_TrROS_Hall.json,r10_437_TrROS_Hall.pdb_V45P.json,-0.546196246922408
r10_437_TrROS_Hall.json,r10_437_TrROS_Hall.pdb_V45C.json,-0.158439816907461
r10_437_TrROS_Hall.json,r10_437_TrROS_Hall.pdb_E46Q.json,0.314554608985025
r10_437_TrROS_Hall.json,r10_437_TrROS_Hall.pdb_E46N.json,0.255358499193638
r10_437_TrROS_Hall.json,r10_437_TrROS_Hall.pdb_E46H.json,0.293882684271982
r10_437_TrROS_Hall.json,r10_437_TrROS_Hall.pdb_E46D.json,0.0567304908781434
r10_437_TrROS_Hall.json,r10_437_TrROS_Hall.pdb_E46R.json,0.450390706314514
r10_437_TrROS_Hall.json,r10_437_TrROS_Hall.pdb_E46K.json,0.386505497847044
r10_437_TrROS_Hall.json,r10_437_TrROS_Hall.pdb_E46T.json,0.271050281993544
r10_437_TrROS_Hall.json,r10_437_TrROS_Hall.pdb_E46S.json,0.222522094371801
r10_437_TrROS_Hall.json,r10_437_TrROS_Hall.pdb_E46A.json,0.114366645044615
r10_437_TrROS_Hall.json,r10_437_TrROS_Hall.pdb_E46G.json,0.0649218012066725
r10_437_TrROS_Hall.json,r10_437_TrROS_Hall.pdb_E46M.json,0.23304005967315
r10_437_TrROS_Hall.json,r10_437_TrROS_Hall.pdb_E46L.json,0.388199564592157
r10_437_TrROS_Hall.json,r10_437_TrROS_Hall.pdb_E46V.json,0.294665233524857
r10_437_TrROS_Hall.json,r10_437_TrROS_Hall.pdb_E46I.json,0.364932565661891
r10_437_TrROS_Hall.json,r10_437_TrROS_Hall.pdb_E46W.json,0.405449672845171
r10_437_TrROS_Hall.json,r10_437_TrROS_Hall.pdb_E46Y.json,0.51113797069999
r10_437_TrROS_Hall.json,r10_437_TrROS_Hall.pdb_E46F.json,0.276510517135861
r10_437_TrROS_Hall.json,r10_437_TrROS_Hall.pdb_E46P.json,0.0550142510317632
r10_437_TrROS_Hall.json,r10_437_TrROS_Hall.pdb_E46C.json,0.242794159070529
r10_437_TrROS_Hall.json,r10_437_TrROS_Hall.pdb_P47Q.json,0.0026227894756365
r10_437_TrROS_Hall.json,r10_437_TrROS_Hall.pdb_P47E.json,-0.298070397678556
r10_437_TrROS_Hall.json,r10_437_TrROS_Hall.pdb_P47N.json,-0.0289258453134366
r10_437_TrROS_Hall.json,r10_437_TrROS_Hall.pdb_P47H.json,0.0713365213958616
r10_437_TrROS_Hall.json,r10_437_TrROS_Hall.pdb_P47D.json,-0.345258872999284
r10_437_TrROS_Hall.json,r10_437_TrROS_Hall.pdb_P47R.json,0.328728933987501
r10_437_TrROS_Hall.json,r10_437_TrROS_Hall.pdb_P47K.json,0.0695061616799512
r10_437_TrROS_Hall.json,r10_437_TrROS_Hall.pdb_P47T.json,0.107605983075232
r10_437_TrROS_Hall.json,r10_437_TrROS_Hall.pdb_P47S.json,-0.0400527250374356
r10_437_TrROS_Hall.json,r10_437_TrROS_Hall.pdb_P47A.json,-0.050100039258413
r10_437_TrROS_Hall.json,r10_437_TrROS_Hall.pdb_P47G.json,-0.102392030171671
r10_437_TrROS_Hall.json,r10_437_TrROS_Hall.pdb_P47M.json,0.0778091957740461
r10_437_TrROS_Hall.json,r10_437_TrROS_Hall.pdb_P47L.json,0.0712727296372586
r10_437_TrROS_Hall.json,r10_437_TrROS_Hall.pdb_P47V.json,0.131615928111243
r10_437_TrROS_Hall.json,r10_437_TrROS_Hall.pdb_P47I.json,0.12285161205505
r10_437_TrROS_Hall.json,r10_437_TrROS_Hall.pdb_P47W.json,-0.212063812924948
r10_437_TrROS_Hall.json,r10_437_TrROS_Hall.pdb_P47Y.json,0.0217891229320352
r10_437_TrROS_Hall.json,r10_437_TrROS_Hall.pdb_P47F.json,-0.0035259913281731
r11_233_TrROS_Hall.json,r11_233_TrROS_Hall.pdb_K1Q.json,-0.276221907794669
r11_233_TrROS_Hall.json,r11_233_TrROS_Hall.pdb_K1E.json,-0.218520826978307
r11_233_TrROS_Hall.json,r11_233_TrROS_Hall.pdb_K1N.json,-0.21856562272844
r11_233_TrROS_Hall.json,r11_233_TrROS_Hall.pdb_K1H.json,-0.342668000314239
r11_233_TrROS_Hall.json,r11_233_TrROS_Hall.pdb_K1D.json,-0.178592465001654
r11_233_TrROS_Hall.json,r11_233_TrROS_Hall.pdb_K1R.json,-0.0815547821080966
r11_233_TrROS_Hall.json,r11_233_TrROS_Hall.pdb_K1T.json,-0.235578569415894
r11_233_TrROS_Hall.json,r11_233_TrROS_Hall.pdb_K1S.json,-0.413064316122519
r11_233_TrROS_Hall.json,r11_233_TrROS_Hall.pdb_K1A.json,-0.209278394549623
r11_233_TrROS_Hall.json,r11_233_TrROS_Hall.pdb_K1G.json,-0.373940908387176
r11_233_TrROS_Hall.json,r11_233_TrROS_Hall.pdb_K1M.json,-0.284480098120466
r11_233_TrROS_Hall.json,r11_233_TrROS_Hall.pdb_K1L.json,-0.277265491744943
r11_233_TrROS_Hall.json,r11_233_TrROS_Hall.pdb_K1V.json,-0.233582469794827
r11_233_TrROS_Hall.json,r11_233_TrROS_Hall.pdb_K1I.json,-0.115026912017017
r11_233_TrROS_Hall.json,r11_233_TrROS_Hall.pdb_K1W.json,-0.258122408698608
r11_233_TrROS_Hall.json,r11_233_TrROS_Hall.pdb_K1Y.json,-0.311133550942273
r11_233_TrROS_Hall.json,r11_233_TrROS_Hall.pdb_K1F.json,-0.247040871237795
r11_233_TrROS_Hall.json,r11_233_TrROS_Hall.pdb_K1P.json,-0.179791419150362
r11_233_TrROS_Hall.json,r11_233_TrROS_Hall.pdb_K1C.json,0.506482954119115
r11_233_TrROS_Hall.json,r11_233_TrROS_Hall.pdb_T2Q.json,-0.142198536608288
r11_233_TrROS_Hall.json,r11_233_TrROS_Hall.pdb_T2E.json,0.0146304779120662
r11_233_TrROS_Hall.json,r11_233_TrROS_Hall.pdb_T2N.json,-0.0747696517234985
r11_233_TrROS_Hall.json,r11_233_TrROS_Hall.pdb_T2H.json,-0.303719711766238
r11_233_TrROS_Hall.json,r11_233_TrROS_Hall.pdb_T2D.json,-0.0814838183910855
r11_233_TrROS_Hall.json,r11_233_TrROS_Hall.pdb_T2R.json,-0.0923406783478588
r11_233_TrROS_Hall.json,r11_233_TrROS_Hall.pdb_T2K.json,-0.0738160690883296
r11_233_TrROS_Hall.json,r11_233_TrROS_Hall.pdb_T2S.json,-0.181316294681698
r11_233_TrROS_Hall.json,r11_233_TrROS_Hall.pdb_T2A.json,-0.483388735936468
r11_233_TrROS_Hall.json,r11_233_TrROS_Hall.pdb_T2G.json,-0.386045861605606
r11_233_TrROS_Hall.json,r11_233_TrROS_Hall.pdb_T2M.json,0.195573078828874
r11_233_TrROS_Hall.json,r11_233_TrROS_Hall.pdb_T2L.json,0.219022382799485
r11_233_TrROS_Hall.json,r11_233_TrROS_Hall.pdb_T2V.json,-0.0311680147617838
r11_233_TrROS_Hall.json,r11_233_TrROS_Hall.pdb_T2I.json,-0.0795845289815058
r11_233_TrROS_Hall.json,r11_233_TrROS_Hall.pdb_T2W.json,0.515924294937163
r11_233_TrROS_Hall.json,r11_233_TrROS_Hall.pdb_T2Y.json,0.275238759803109
r11_233_TrROS_Hall.json,r11_233_TrROS_Hall.pdb_T2F.json,0.142709709610548
r11_233_TrROS_Hall.json,r11_233_TrROS_Hall.pdb_T2P.json,-0.540058853524636
r11_233_TrROS_Hall.json,r11_233_TrROS_Hall.pdb_T2C.json,0.751538876383994
r11_233_TrROS_Hall.json,r11_233_TrROS_Hall.pdb_Y3Q.json,-0.990053923925599
r11_233_TrROS_Hall.json,r11_233_TrROS_Hall.pdb_Y3E.json,-1.37868535089801
r11_233_TrROS_Hall.json,r11_233_TrROS_Hall.pdb_Y3N.json,-1.34282849875789
r11_233_TrROS_Hall.json,r11_233_TrROS_Hall.pdb_Y3H.json,-0.65713298798175
r11_233_TrROS_Hall.json,r11_233_TrROS_Hall.pdb_Y3D.json,-1.77931452416491
r11_233_TrROS_Hall.json,r11_233_TrROS_Hall.pdb_Y3R.json,-0.760954096025047
r11_233_TrROS_Hall.json,r11_233_TrROS_Hall.pdb_Y3K.json,-0.784193640462334
r11_233_TrROS_Hall.json,r11_233_TrROS_Hall.pdb_Y3T.json,-1.09003400303362
r11_233_TrROS_Hall.json,r11_233_TrROS_Hall.pdb_Y3S.json,-1.41044888303364
r11_233_TrROS_Hall.json,r11_233_TrROS_Hall.pdb_Y3A.json,-1.5406273653879
r11_233_TrROS_Hall.json,r11_233_TrROS_Hall.pdb_Y3G.json,-1.39084873121865
r11_233_TrROS_Hall.json,r11_233_TrROS_Hall.pdb_Y3M.json,-0.553631897101607
r11_233_TrROS_Hall.json,r11_233_TrROS_Hall.pdb_Y3L.json,-0.428880309517844
r11_233_TrROS_Hall.json,r11_233_TrROS_Hall.pdb_Y3V.json,-0.877695581637034
r11_233_TrROS_Hall.json,r11_233_TrROS_Hall.pdb_Y3I.json,-0.852954167891792
r11_233_TrROS_Hall.json,r11_233_TrROS_Hall.pdb_Y3W.json,-0.232859538111489
r11_233_TrROS_Hall.json,r11_233_TrROS_Hall.pdb_Y3F.json,-0.111907998811671
r11_233_TrROS_Hall.json,r11_233_TrROS_Hall.pdb_Y3P.json,-0.741738028832561
r11_233_TrROS_Hall.json,r11_233_TrROS_Hall.pdb_Y3C.json,-0.293907048071003
r11_233_TrROS_Hall.json,r11_233_TrROS_Hall.pdb_T4Q.json,-0.634443611080905
r11_233_TrROS_Hall.json,r11_233_TrROS_Hall.pdb_T4E.json,-1.28592965649899
r11_233_TrROS_Hall.json,r11_233_TrROS_Hall.pdb_T4N.json,-0.552063347363752
r11_233_TrROS_Hall.json,r11_233_TrROS_Hall.pdb_T4H.json,-0.409672503497994
r11_233_TrROS_Hall.json,r11_233_TrROS_Hall.pdb_T4D.json,-1.51438337435374
r11_233_TrROS_Hall.json,r11_233_TrROS_Hall.pdb_T4R.json,-0.0905761104767881
r11_233_TrROS_Hall.json,r11_233_TrROS_Hall.pdb_T4K.json,0.013667950833339
r11_233_TrROS_Hall.json,r11_233_TrROS_Hall.pdb_T4S.json,-0.393840552352824
r11_233_TrROS_Hall.json,r11_233_TrROS_Hall.pdb_T4A.json,-0.696794885397392
r11_233_TrROS_Hall.json,r11_233_TrROS_Hall.pdb_T4G.json,-1.08230230900988
r11_233_TrROS_Hall.json,r11_233_TrROS_Hall.pdb_T4M.json,-0.231555952447491
r11_233_TrROS_Hall.json,r11_233_TrROS_Hall.pdb_T4L.json,-0.20224835173045
r11_233_TrROS_Hall.json,r11_233_TrROS_Hall.pdb_T4V.json,0.0345663957903137
r11_233_TrROS_Hall.json,r11_233_TrROS_Hall.pdb_T4I.json,0.162897275676372
r11_233_TrROS_Hall.json,r11_233_TrROS_Hall.pdb_T4W.json,0.03761798151768
r11_233_TrROS_Hall.json,r11_233_TrROS_Hall.pdb_T4Y.json,0.0317612889670475
r11_233_TrROS_Hall.json,r11_233_TrROS_Hall.pdb_T4F.json,-0.125941296139925
r11_233_TrROS_Hall.json,r11_233_TrROS_Hall.pdb_T4P.json,-0.757382698033113
r11_233_TrROS_Hall.json,r11_233_TrROS_Hall.pdb_T4C.json,0.437466382506925
r11_233_TrROS_Hall.json,r11_233_TrROS_Hall.pdb_F5Q.json,-2.21161438849849
r11_233_TrROS_Hall.json,r11_233_TrROS_Hall.pdb_F5E.json,-2.73053937173763
r11_233_TrROS_Hall.json,r11_233_TrROS_Hall.pdb_F5N.json,-3.4016973140292
r11_233_TrROS_Hall.json,r11_233_TrROS_Hall.pdb_F5H.json,-1.85750978597481
r11_233_TrROS_Hall.json,r11_233_TrROS_Hall.pdb_F5D.json,-4.20808081583641
r11_233_TrROS_Hall.json,r11_233_TrROS_Hall.pdb_F5R.json,-2.48976982883648
r11_233_TrROS_Hall.json,r11_233_TrROS_Hall.pdb_F5K.json,-2.45242297427738
r11_233_TrROS_Hall.json,r11_233_TrROS_Hall.pdb_F5T.json,-2.36380025384211
r11_233_TrROS_Hall.json,r11_233_TrROS_Hall.pdb_F5S.json,-2.81051767125048
r11_233_TrROS_Hall.json,r11_233_TrROS_Hall.pdb_F5A.json,-1.82326815519802
r11_233_TrROS_Hall.json,r11_233_TrROS_Hall.pdb_F5G.json,-2.96982712238043
r11_233_TrROS_Hall.json,r11_233_TrROS_Hall.pdb_F5M.json,-0.861511646371893
r11_233_TrROS_Hall.json,r11_233_TrROS_Hall.pdb_F5L.json,-0.376250524487486
r11_233_TrROS_Hall.json,r11_233_TrROS_Hall.pdb_F5V.json,-0.551059839493477
r11_233_TrROS_Hall.json,r11_233_TrROS_Hall.pdb_F5I.json,-0.189237994188814
r11_233_TrROS_Hall.json,r11_233_TrROS_Hall.pdb_F5W.json,0.0609440499035085
r11_233_TrROS_Hall.json,r11_233_TrROS_Hall.pdb_F5Y.json,-0.125187450494339
r11_233_TrROS_Hall.json,r11_233_TrROS_Hall.pdb_F5C.json,-0.960651590500874
r11_233_TrROS_Hall.json,r11_233_TrROS_Hall.pdb_R6Q.json,-0.834754363212674
r11_233_TrROS_Hall.json,r11_233_TrROS_Hall.pdb_R6E.json,-2.33147017843182
r11_233_TrROS_Hall.json,r11_233_TrROS_Hall.pdb_R6N.json,-0.873168736589834
r11_233_TrROS_Hall.json,r11_233_TrROS_Hall.pdb_R6H.json,-0.528824210571563
r11_233_TrROS_Hall.json,r11_233_TrROS_Hall.pdb_R6D.json,-2.60799390669025
r11_233_TrROS_Hall.json,r11_233_TrROS_Hall.pdb_R6K.json,0.188237554039675
r11_233_TrROS_Hall.json,r11_233_TrROS_Hall.pdb_R6T.json,0.0599146553386464
r11_233_TrROS_Hall.json,r11_233_TrROS_Hall.pdb_R6S.json,-0.76411696812177
r11_233_TrROS_Hall.json,r11_233_TrROS_Hall.pdb_R6A.json,-0.966327425344442
r11_233_TrROS_Hall.json,r11_233_TrROS_Hall.pdb_R6G.json,-1.98743446167381
r11_233_TrROS_Hall.json,r11_233_TrROS_Hall.pdb_R6M.json,0.0823501451481383
r11_233_TrROS_Hall.json,r11_233_TrROS_Hall.pdb_R6L.json,0.115114197656494
r11_233_TrROS_Hall.json,r11_233_TrROS_Hall.pdb_R6V.json,0.318728922018222
r11_233_TrROS_Hall.json,r11_233_TrROS_Hall.pdb_R6I.json,0.709404014187561
r11_233_TrROS_Hall.json,r11_233_TrROS_Hall.pdb_R6W.json,0.222105573147412
r11_233_TrROS_Hall.json,r11_233_TrROS_Hall.pdb_R6Y.json,0.0538910257345519
r11_233_TrROS_Hall.json,r11_233_TrROS_Hall.pdb_R6F.json,0.0242066214576288
r11_233_TrROS_Hall.json,r11_233_TrROS_Hall.pdb_R6P.json,-2.35576134793951
r11_233_TrROS_Hall.json,r11_233_TrROS_Hall.pdb_R6C.json,-0.0851983294490565
r11_233_TrROS_Hall.json,r11_233_TrROS_Hall.pdb_V7Q.json,-2.97407455175546
r11_233_TrROS_Hall.json,r11_233_TrROS_Hall.pdb_V7E.json,-4.02577731806562
r11_233_TrROS_Hall.json,r11_233_TrROS_Hall.pdb_V7H.json,-2.96550686908848
r11_233_TrROS_Hall.json,r11_233_TrROS_Hall.pdb_V7D.json,-4.19983386212584
r11_233_TrROS_Hall.json,r11_233_TrROS_Hall.pdb_V7K.json,-3.78148366869528
r11_233_TrROS_Hall.json,r11_233_TrROS_Hall.pdb_V7T.json,-2.0647280820653
r11_233_TrROS_Hall.json,r11_233_TrROS_Hall.pdb_V7S.json,-2.87114750095909
r11_233_TrROS_Hall.json,r11_233_TrROS_Hall.pdb_V7A.json,-1.2886805260588
r11_233_TrROS_Hall.json,r11_233_TrROS_Hall.pdb_V7G.json,-1.773986690601
r11_233_TrROS_Hall.json,r11_233_TrROS_Hall.pdb_V7M.json,-0.524081225853989
r11_233_TrROS_Hall.json,r11_233_TrROS_Hall.pdb_V7L.json,-0.106116945859271
r11_233_TrROS_Hall.json,r11_233_TrROS_Hall.pdb_V7I.json,0.492982521773254
r11_233_TrROS_Hall.json,r11_233_TrROS_Hall.pdb_V7W.json,-0.810580440509045
r11_233_TrROS_Hall.json,r11_233_TrROS_Hall.pdb_V7Y.json,-0.0325491159025443
r11_233_TrROS_Hall.json,r11_233_TrROS_Hall.pdb_V7F.json,0.276402675966628
r11_233_TrROS_Hall.json,r11_233_TrROS_Hall.pdb_V7C.json,-0.591029366945029
r11_233_TrROS_Hall.json,r11_233_TrROS_Hall.pdb_R8Q.json,-1.02433134783438
r11_233_TrROS_Hall.json,r11_233_TrROS_Hall.pdb_R8E.json,-2.31838776624426
r11_233_TrROS_Hall.json,r11_233_TrROS_Hall.pdb_R8N.json,-1.07242285467579
r11_233_TrROS_Hall.json,r11_233_TrROS_Hall.pdb_R8H.json,-0.587234315948721
r11_233_TrROS_Hall.json,r11_233_TrROS_Hall.pdb_R8D.json,-2.37233318051086
r11_233_TrROS_Hall.json,r11_233_TrROS_Hall.pdb_R8K.json,-0.096485154939188
r11_233_TrROS_Hall.json,r11_233_TrROS_Hall.pdb_R8T.json,-0.348969805216691
r11_233_TrROS_Hall.json,r11_233_TrROS_Hall.pdb_R8S.json,-0.845470620852138
r11_233_TrROS_Hall.json,r11_233_TrROS_Hall.pdb_R8A.json,-1.3100202663385
r11_233_TrROS_Hall.json,r11_233_TrROS_Hall.pdb_R8G.json,-1.57856140850471
r11_233_TrROS_Hall.json,r11_233_TrROS_Hall.pdb_R8M.json,-0.487412927331634
r11_233_TrROS_Hall.json,r11_233_TrROS_Hall.pdb_R8L.json,-0.272580005142882
r11_233_TrROS_Hall.json,r11_233_TrROS_Hall.pdb_R8V.json,-0.165753647741365
r11_233_TrROS_Hall.json,r11_233_TrROS_Hall.pdb_R8I.json,0.0377268315068648
r11_233_TrROS_Hall.json,r11_233_TrROS_Hall.pdb_R8W.json,0.439267380560565
r11_233_TrROS_Hall.json,r11_233_TrROS_Hall.pdb_R8Y.json,0.0188460498493139
r11_233_TrROS_Hall.json,r11_233_TrROS_Hall.pdb_R8F.json,-0.0005824267505221
r11_233_TrROS_Hall.json,r11_233_TrROS_Hall.pdb_R8P.json,-2.09751485167253
r11_233_TrROS_Hall.json,r11_233_TrROS_Hall.pdb_R8C.json,-0.247681465289471
r11_233_TrROS_Hall.json,r11_233_TrROS_Hall.pdb_I9Q.json,-2.29312818481785
r11_233_TrROS_Hall.json,r11_233_TrROS_Hall.pdb_I9E.json,-2.4843321386232
r11_233_TrROS_Hall.json,r11_233_TrROS_Hall.pdb_I9N.json,-2.89539698794695
r11_233_TrROS_Hall.json,r11_233_TrROS_Hall.pdb_I9H.json,-1.8228597745622
r11_233_TrROS_Hall.json,r11_233_TrROS_Hall.pdb_I9D.json,-3.00263903436858
r11_233_TrROS_Hall.json,r11_233_TrROS_Hall.pdb_I9R.json,-2.49589335712143
r11_233_TrROS_Hall.json,r11_233_TrROS_Hall.pdb_I9K.json,-2.74007913283726
r11_233_TrROS_Hall.json,r11_233_TrROS_Hall.pdb_I9T.json,-1.17133968371237
r11_233_TrROS_Hall.json,r11_233_TrROS_Hall.pdb_I9S.json,-2.03625571903476
r11_233_TrROS_Hall.json,r11_233_TrROS_Hall.pdb_I9A.json,-1.37754292933269
r11_233_TrROS_Hall.json,r11_233_TrROS_Hall.pdb_I9G.json,-1.83115820040995
r11_233_TrROS_Hall.json,r11_233_TrROS_Hall.pdb_I9M.json,-0.32569187839038
r11_233_TrROS_Hall.json,r11_233_TrROS_Hall.pdb_I9L.json,0.0626355399788014
r11_233_TrROS_Hall.json,r11_233_TrROS_Hall.pdb_I9V.json,-0.28181016988723
r11_233_TrROS_Hall.json,r11_233_TrROS_Hall.pdb_I9W.json,0.448551913009684
r11_233_TrROS_Hall.json,r11_233_TrROS_Hall.pdb_I9Y.json,0.0748598525381734
r11_233_TrROS_Hall.json,r11_233_TrROS_Hall.pdb_I9F.json,-0.0330382287430781
r11_233_TrROS_Hall.json,r11_233_TrROS_Hall.pdb_I9P.json,-3.711948577425
r11_233_TrROS_Hall.json,r11_233_TrROS_Hall.pdb_I9C.json,-0.382151126486018
r11_233_TrROS_Hall.json,r11_233_TrROS_Hall.pdb_V10Q.json,-0.798082907560264
r11_233_TrROS_Hall.json,r11_233_TrROS_Hall.pdb_V10E.json,-1.37278759198419
r11_233_TrROS_Hall.json,r11_233_TrROS_Hall.pdb_V10N.json,-1.34552335735918
r11_233_TrROS_Hall.json,r11_233_TrROS_Hall.pdb_V10H.json,-0.617974811071713
r11_233_TrROS_Hall.json,r11_233_TrROS_Hall.pdb_V10D.json,-2.22166102971923
r11_233_TrROS_Hall.json,r11_233_TrROS_Hall.pdb_V10R.json,0.0039742427221263
r11_233_TrROS_Hall.json,r11_233_TrROS_Hall.pdb_V10K.json,-0.323946911184475
r11_233_TrROS_Hall.json,r11_233_TrROS_Hall.pdb_V10T.json,0.0652079964314533
r11_233_TrROS_Hall.json,r11_233_TrROS_Hall.pdb_V10S.json,-0.654872388569351
r11_233_TrROS_Hall.json,r11_233_TrROS_Hall.pdb_V10A.json,-1.1979532488651
r11_233_TrROS_Hall.json,r11_233_TrROS_Hall.pdb_V10G.json,-1.65201701695696
r11_233_TrROS_Hall.json,r11_233_TrROS_Hall.pdb_V10M.json,-0.363624535870705
r11_233_TrROS_Hall.json,r11_233_TrROS_Hall.pdb_V10L.json,-0.143653345922431
r11_233_TrROS_Hall.json,r11_233_TrROS_Hall.pdb_V10I.json,0.177453700690017
r11_233_TrROS_Hall.json,r11_233_TrROS_Hall.pdb_V10W.json,0.152809470292565
r11_233_TrROS_Hall.json,r11_233_TrROS_Hall.pdb_V10Y.json,0.28941275949936
r11_233_TrROS_Hall.json,r11_233_TrROS_Hall.pdb_V10F.json,0.178192477224755
r11_233_TrROS_Hall.json,r11_233_TrROS_Hall.pdb_V10P.json,-1.42618246277879
r11_233_TrROS_Hall.json,r11_233_TrROS_Hall.pdb_V10C.json,-0.236431536220147
r11_233_TrROS_Hall.json,r11_233_TrROS_Hall.pdb_D11Q.json,-1.54518864700534
r11_233_TrROS_Hall.json,r11_233_TrROS_Hall.pdb_D11E.json,-1.3120096249342
r11_233_TrROS_Hall.json,r11_233_TrROS_Hall.pdb_D11N.json,0.112206157279549
r11_233_TrROS_Hall.json,r11_233_TrROS_Hall.pdb_D11H.json,-1.22504560927676
r11_233_TrROS_Hall.json,r11_233_TrROS_Hall.pdb_D11R.json,-1.78658531317244
r11_233_TrROS_Hall.json,r11_233_TrROS_Hall.pdb_D11K.json,-1.82441195736103
r11_233_TrROS_Hall.json,r11_233_TrROS_Hall.pdb_D11T.json,-1.55141037430605
r11_233_TrROS_Hall.json,r11_233_TrROS_Hall.pdb_D11S.json,-1.07903621104755
r11_233_TrROS_Hall.json,r11_233_TrROS_Hall.pdb_D11A.json,-1.76447559898426
r11_233_TrROS_Hall.json,r11_233_TrROS_Hall.pdb_D11G.json,-1.96775320658403
r11_233_TrROS_Hall.json,r11_233_TrROS_Hall.pdb_D11M.json,-1.10410072189148
r11_233_TrROS_Hall.json,r11_233_TrROS_Hall.pdb_D11L.json,-1.13676419227683
r11_233_TrROS_Hall.json,r11_233_TrROS_Hall.pdb_D11V.json,-0.971691495416414
r11_233_TrROS_Hall.json,r11_233_TrROS_Hall.pdb_D11I.json,-0.783256864652088
r11_233_TrROS_Hall.json,r11_233_TrROS_Hall.pdb_D11W.json,-0.9229371502418
r11_233_TrROS_Hall.json,r11_233_TrROS_Hall.pdb_D11Y.json,-1.15278919688281
r11_233_TrROS_Hall.json,r11_233_TrROS_Hall.pdb_D11F.json,-1.05586508563406
r11_233_TrROS_Hall.json,r11_233_TrROS_Hall.pdb_D11P.json,-2.84765920028207
r11_233_TrROS_Hall.json,r11_233_TrROS_Hall.pdb_D11C.json,-0.186224065504354
r11_233_TrROS_Hall.json,r11_233_TrROS_Hall.pdb_E12Q.json,-0.0823810648884215
r11_233_TrROS_Hall.json,r11_233_TrROS_Hall.pdb_E12N.json,-0.352419770236572
r11_233_TrROS_Hall.json,r11_233_TrROS_Hall.pdb_E12H.json,-0.177333485834752
r11_233_TrROS_Hall.json,r11_233_TrROS_Hall.pdb_E12D.json,-0.315780339011828
r11_233_TrROS_Hall.json,r11_233_TrROS_Hall.pdb_E12R.json,-0.186852021744594
r11_233_TrROS_Hall.json,r11_233_TrROS_Hall.pdb_E12K.json,-0.296694368589411
r11_233_TrROS_Hall.json,r11_233_TrROS_Hall.pdb_E12T.json,0.0307120859704799
r11_233_TrROS_Hall.json,r11_233_TrROS_Hall.pdb_E12S.json,-0.217537118242992
r11_233_TrROS_Hall.json,r11_233_TrROS_Hall.pdb_E12A.json,-0.180855336546146
r11_233_TrROS_Hall.json,r11_233_TrROS_Hall.pdb_E12G.json,-0.513306706699896
r11_233_TrROS_Hall.json,r11_233_TrROS_Hall.pdb_E12M.json,0.213091751800302
r11_233_TrROS_Hall.json,r11_233_TrROS_Hall.pdb_E12L.json,0.176187451585708
r11_233_TrROS_Hall.json,r11_233_TrROS_Hall.pdb_E12V.json,-0.0540398424123624
r11_233_TrROS_Hall.json,r11_233_TrROS_Hall.pdb_E12I.json,0.144612914169932
r11_233_TrROS_Hall.json,r11_233_TrROS_Hall.pdb_E12W.json,-0.371528026673769
r11_233_TrROS_Hall.json,r11_233_TrROS_Hall.pdb_E12Y.json,-0.232080274381305
r11_233_TrROS_Hall.json,r11_233_TrROS_Hall.pdb_E12F.json,-0.284782788150359
r11_233_TrROS_Hall.json,r11_233_TrROS_Hall.pdb_E12P.json,0.621511680241597
r11_233_TrROS_Hall.json,r11_233_TrROS_Hall.pdb_E12C.json,0.415136569555266
r11_233_TrROS_Hall.json,r11_233_TrROS_Hall.pdb_E13Q.json,-0.0157469081086376
r11_233_TrROS_Hall.json,r11_233_TrROS_Hall.pdb_E13N.json,-0.0976208398095059
r11_233_TrROS_Hall.json,r11_233_TrROS_Hall.pdb_E13H.json,-0.15693489195848
r11_233_TrROS_Hall.json,r11_233_TrROS_Hall.pdb_E13D.json,-0.244420463177206
r11_233_TrROS_Hall.json,r11_233_TrROS_Hall.pdb_E13R.json,-0.0105835088948444
r11_233_TrROS_Hall.json,r11_233_TrROS_Hall.pdb_E13K.json,-0.0065653005297425
r11_233_TrROS_Hall.json,r11_233_TrROS_Hall.pdb_E13T.json,-0.0036143418128573
r11_233_TrROS_Hall.json,r11_233_TrROS_Hall.pdb_E13S.json,-0.0084457043940138
r11_233_TrROS_Hall.json,r11_233_TrROS_Hall.pdb_E13A.json,0.0568335274201974
r11_233_TrROS_Hall.json,r11_233_TrROS_Hall.pdb_E13G.json,-0.575503822133033
r11_233_TrROS_Hall.json,r11_233_TrROS_Hall.pdb_E13M.json,-0.0998935094854465
r11_233_TrROS_Hall.json,r11_233_TrROS_Hall.pdb_E13L.json,0.158980794899648
r11_233_TrROS_Hall.json,r11_233_TrROS_Hall.pdb_E13V.json,6.2288983957437E-05
r11_233_TrROS_Hall.json,r11_233_TrROS_Hall.pdb_E13I.json,0.0890596079779695
r11_233_TrROS_Hall.json,r11_233_TrROS_Hall.pdb_E13W.json,-0.409954654681933
r11_233_TrROS_Hall.json,r11_233_TrROS_Hall.pdb_E13Y.json,-0.300171273751622
r11_233_TrROS_Hall.json,r11_233_TrROS_Hall.pdb_E13F.json,-0.115996180475748
r11_233_TrROS_Hall.json,r11_233_TrROS_Hall.pdb_E13P.json,-1.78805389211732
r11_233_TrROS_Hall.json,r11_233_TrROS_Hall.pdb_E13C.json,0.262382018048656
r11_233_TrROS_Hall.json,r11_233_TrROS_Hall.pdb_T14Q.json,-1.66718200783982
r11_233_TrROS_Hall.json,r11_233_TrROS_Hall.pdb_T14E.json,-1.88498136993224
r11_233_TrROS_Hall.json,r11_233_TrROS_Hall.pdb_T14N.json,-0.891968275443747
r11_233_TrROS_Hall.json,r11_233_TrROS_Hall.pdb_T14H.json,-1.35809313794087
r11_233_TrROS_Hall.json,r11_233_TrROS_Hall.pdb_T14D.json,-1.61930134507591
r11_233_TrROS_Hall.json,r11_233_TrROS_Hall.pdb_T14R.json,-1.34115587742982
r11_233_TrROS_Hall.json,r11_233_TrROS_Hall.pdb_T14K.json,-1.29532118993372
r11_233_TrROS_Hall.json,r11_233_TrROS_Hall.pdb_T14S.json,-0.449210599913939
r11_233_TrROS_Hall.json,r11_233_TrROS_Hall.pdb_T14A.json,-1.25306765629706
r11_233_TrROS_Hall.json,r11_233_TrROS_Hall.pdb_T14G.json,-1.56997904364408
r11_233_TrROS_Hall.json,r11_233_TrROS_Hall.pdb_T14M.json,-1.45316108134451
r11_233_TrROS_Hall.json,r11_233_TrROS_Hall.pdb_T14L.json,-1.26787938703399
r11_233_TrROS_Hall.json,r11_233_TrROS_Hall.pdb_T14V.json,-1.84991298278161
r11_233_TrROS_Hall.json,r11_233_TrROS_Hall.pdb_T14I.json,-1.64591157766833
r11_233_TrROS_Hall.json,r11_233_TrROS_Hall.pdb_T14W.json,-1.74524692530179
r11_233_TrROS_Hall.json,r11_233_TrROS_Hall.pdb_T14Y.json,-1.74206241189419
r11_233_TrROS_Hall.json,r11_233_TrROS_Hall.pdb_T14F.json,-1.83262545984942
r11_233_TrROS_Hall.json,r11_233_TrROS_Hall.pdb_T14P.json,-3.17607679394189
r11_233_TrROS_Hall.json,r11_233_TrROS_Hall.pdb_T14C.json,-0.856816816605578
r11_233_TrROS_Hall.json,r11_233_TrROS_Hall.pdb_G15Q.json,-1.0913949496009
r11_233_TrROS_Hall.json,r11_233_TrROS_Hall.pdb_G15E.json,-1.71360369718003
r11_233_TrROS_Hall.json,r11_233_TrROS_Hall.pdb_G15N.json,-1.16230014224738
r11_233_TrROS_Hall.json,r11_233_TrROS_Hall.pdb_G15H.json,-1.18236581802041
r11_233_TrROS_Hall.json,r11_233_TrROS_Hall.pdb_G15D.json,-1.60835539711161
r11_233_TrROS_Hall.json,r11_233_TrROS_Hall.pdb_G15R.json,-1.29045455223649
r11_233_TrROS_Hall.json,r11_233_TrROS_Hall.pdb_G15K.json,-1.13708867966367
r11_233_TrROS_Hall.json,r11_233_TrROS_Hall.pdb_G15T.json,-1.84074082389191
r11_233_TrROS_Hall.json,r11_233_TrROS_Hall.pdb_G15S.json,-1.54597511002611
r11_233_TrROS_Hall.json,r11_233_TrROS_Hall.pdb_G15A.json,-1.37252143670494
r11_233_TrROS_Hall.json,r11_233_TrROS_Hall.pdb_G15M.json,-1.01191220657289
r11_233_TrROS_Hall.json,r11_233_TrROS_Hall.pdb_G15L.json,-1.01726665234968
r11_233_TrROS_Hall.json,r11_233_TrROS_Hall.pdb_G15V.json,-2.50832975627901
r11_233_TrROS_Hall.json,r11_233_TrROS_Hall.pdb_G15I.json,-2.69367414369677
r11_233_TrROS_Hall.json,r11_233_TrROS_Hall.pdb_G15W.json,-1.33514194845468
r11_233_TrROS_Hall.json,r11_233_TrROS_Hall.pdb_G15Y.json,-1.6626284207394
r11_233_TrROS_Hall.json,r11_233_TrROS_Hall.pdb_G15F.json,-1.41464866786695
r11_233_TrROS_Hall.json,r11_233_TrROS_Hall.pdb_G15P.json,-2.97733853018471
r11_233_TrROS_Hall.json,r11_233_TrROS_Hall.pdb_G15C.json,-0.647494491281408
r11_233_TrROS_Hall.json,r11_233_TrROS_Hall.pdb_E16Q.json,-0.401251394793094
r11_233_TrROS_Hall.json,r11_233_TrROS_Hall.pdb_E16N.json,-0.707749658685874
r11_233_TrROS_Hall.json,r11_233_TrROS_Hall.pdb_E16H.json,-0.600340929918775
r11_233_TrROS_Hall.json,r11_233_TrROS_Hall.pdb_E16D.json,-0.552181817265102
r11_233_TrROS_Hall.json,r11_233_TrROS_Hall.pdb_E16R.json,-0.72013623605262
r11_233_TrROS_Hall.json,r11_233_TrROS_Hall.pdb_E16K.json,-0.764991004683993
r11_233_TrROS_Hall.json,r11_233_TrROS_Hall.pdb_E16T.json,-0.454698393519702
r11_233_TrROS_Hall.json,r11_233_TrROS_Hall.pdb_E16S.json,-0.792515148678195
r11_233_TrROS_Hall.json,r11_233_TrROS_Hall.pdb_E16A.json,-0.468266944133027
r11_233_TrROS_Hall.json,r11_233_TrROS_Hall.pdb_E16G.json,-1.16523142239838
r11_233_TrROS_Hall.json,r11_233_TrROS_Hall.pdb_E16M.json,-0.258516715967362
r11_233_TrROS_Hall.json,r11_233_TrROS_Hall.pdb_E16L.json,-0.258191143168214
r11_233_TrROS_Hall.json,r11_233_TrROS_Hall.pdb_E16V.json,-0.339959949593734
r11_233_TrROS_Hall.json,r11_233_TrROS_Hall.pdb_E16I.json,-0.298439735246554
r11_233_TrROS_Hall.json,r11_233_TrROS_Hall.pdb_E16W.json,0.265202442824651
r11_233_TrROS_Hall.json,r11_233_TrROS_Hall.pdb_E16Y.json,-0.312131324747855
r11_233_TrROS_Hall.json,r11_233_TrROS_Hall.pdb_E16F.json,-0.196883795711703
r11_233_TrROS_Hall.json,r11_233_TrROS_Hall.pdb_E16P.json,-3.04859303265655
r11_233_TrROS_Hall.json,r11_233_TrROS_Hall.pdb_E16C.json,0.202155440879646
r11_233_TrROS_Hall.json,r11_233_TrROS_Hall.pdb_E17Q.json,-0.256183593551335
r11_233_TrROS_Hall.json,r11_233_TrROS_Hall.pdb_E17N.json,-0.744325181747681
r11_233_TrROS_Hall.json,r11_233_TrROS_Hall.pdb_E17H.json,-0.312017342965834
r11_233_TrROS_Hall.json,r11_233_TrROS_Hall.pdb_E17D.json,-0.900092740510073
r11_233_TrROS_Hall.json,r11_233_TrROS_Hall.pdb_E17R.json,-0.500700504724501
r11_233_TrROS_Hall.json,r11_233_TrROS_Hall.pdb_E17K.json,-0.608385191114094
r11_233_TrROS_Hall.json,r11_233_TrROS_Hall.pdb_E17T.json,0.210345400908352
r11_233_TrROS_Hall.json,r11_233_TrROS_Hall.pdb_E17S.json,0.110807436829492
r11_233_TrROS_Hall.json,r11_233_TrROS_Hall.pdb_E17A.json,-0.228366849196697
r11_233_TrROS_Hall.json,r11_233_TrROS_Hall.pdb_E17G.json,-0.945692543336614
r11_233_TrROS_Hall.json,r11_233_TrROS_Hall.pdb_E17M.json,0.0882202807271821
r11_233_TrROS_Hall.json,r11_233_TrROS_Hall.pdb_E17L.json,-0.150510916513823
r11_233_TrROS_Hall.json,r11_233_TrROS_Hall.pdb_E17V.json,0.600243122578195
r11_233_TrROS_Hall.json,r11_233_TrROS_Hall.pdb_E17I.json,0.454917191322093
r11_233_TrROS_Hall.json,r11_233_TrROS_Hall.pdb_E17W.json,0.492095762210801
r11_233_TrROS_Hall.json,r11_233_TrROS_Hall.pdb_E17Y.json,0.271806217991016
r11_233_TrROS_Hall.json,r11_233_TrROS_Hall.pdb_E17F.json,0.268751839130399
r11_233_TrROS_Hall.json,r11_233_TrROS_Hall.pdb_E17P.json,-1.1431192445541
r11_233_TrROS_Hall.json,r11_233_TrROS_Hall.pdb_E17C.json,0.429295955703293
r11_233_TrROS_Hall.json,r11_233_TrROS_Hall.pdb_K18Q.json,0.0292249380519877
r11_233_TrROS_Hall.json,r11_233_TrROS_Hall.pdb_K18E.json,-0.37148228874235
r11_233_TrROS_Hall.json,r11_233_TrROS_Hall.pdb_K18N.json,-0.350070205109692
r11_233_TrROS_Hall.json,r11_233_TrROS_Hall.pdb_K18H.json,0.225308918997097
r11_233_TrROS_Hall.json,r11_233_TrROS_Hall.pdb_K18D.json,-0.777293707365907
r11_233_TrROS_Hall.json,r11_233_TrROS_Hall.pdb_K18R.json,0.320139106005839
r11_233_TrROS_Hall.json,r11_233_TrROS_Hall.pdb_K18T.json,0.260414575336283
r11_233_TrROS_Hall.json,r11_233_TrROS_Hall.pdb_K18S.json,-0.130534154523358
r11_233_TrROS_Hall.json,r11_233_TrROS_Hall.pdb_K18A.json,-0.348266002629562
r11_233_TrROS_Hall.json,r11_233_TrROS_Hall.pdb_K18G.json,-0.895903121032712
r11_233_TrROS_Hall.json,r11_233_TrROS_Hall.pdb_K18M.json,0.401302096704126
r11_233_TrROS_Hall.json,r11_233_TrROS_Hall.pdb_K18L.json,0.385432019334804
r11_233_TrROS_Hall.json,r11_233_TrROS_Hall.pdb_K18V.json,0.308832559166453
r11_233_TrROS_Hall.json,r11_233_TrROS_Hall.pdb_K18I.json,0.619469969341304
r11_233_TrROS_Hall.json,r11_233_TrROS_Hall.pdb_K18W.json,1.24729204433782
r11_233_TrROS_Hall.json,r11_233_TrROS_Hall.pdb_K18Y.json,0.858826581713387
r11_233_TrROS_Hall.json,r11_233_TrROS_Hall.pdb_K18F.json,0.888129750351603
r11_233_TrROS_Hall.json,r11_233_TrROS_Hall.pdb_K18P.json,-2.75993334945669
r11_233_TrROS_Hall.json,r11_233_TrROS_Hall.pdb_K18C.json,1.02501334045311
r11_233_TrROS_Hall.json,r11_233_TrROS_Hall.pdb_E19Q.json,-0.155387780327886
r11_233_TrROS_Hall.json,r11_233_TrROS_Hall.pdb_E19N.json,-0.258767351667276
r11_233_TrROS_Hall.json,r11_233_TrROS_Hall.pdb_E19H.json,0.37491052307132
r11_233_TrROS_Hall.json,r11_233_TrROS_Hall.pdb_E19D.json,-0.702627354366816
r11_233_TrROS_Hall.json,r11_233_TrROS_Hall.pdb_E19R.json,-0.0705040488146466
r11_233_TrROS_Hall.json,r11_233_TrROS_Hall.pdb_E19K.json,-0.517534961569778
r11_233_TrROS_Hall.json,r11_233_TrROS_Hall.pdb_E19T.json,0.710577157681734
r11_233_TrROS_Hall.json,r11_233_TrROS_Hall.pdb_E19S.json,0.130871865327688
r11_233_TrROS_Hall.json,r11_233_TrROS_Hall.pdb_E19A.json,-0.384575788482862
r11_233_TrROS_Hall.json,r11_233_TrROS_Hall.pdb_E19G.json,-1.05567881717389
r11_233_TrROS_Hall.json,r11_233_TrROS_Hall.pdb_E19M.json,0.635113669547054
r11_233_TrROS_Hall.json,r11_233_TrROS_Hall.pdb_E19L.json,0.650397083114667
r11_233_TrROS_Hall.json,r11_233_TrROS_Hall.pdb_E19V.json,1.06638019542336
r11_233_TrROS_Hall.json,r11_233_TrROS_Hall.pdb_E19I.json,1.14233107388807
r11_233_TrROS_Hall.json,r11_233_TrROS_Hall.pdb_E19W.json,1.11026299782032
r11_233_TrROS_Hall.json,r11_233_TrROS_Hall.pdb_E19Y.json,1.02696800126692
r11_233_TrROS_Hall.json,r11_233_TrROS_Hall.pdb_E19F.json,0.893001141902299
r11_233_TrROS_Hall.json,r11_233_TrROS_Hall.pdb_E19P.json,-1.68515693061285
r11_233_TrROS_Hall.json,r11_233_TrROS_Hall.pdb_E19C.json,0.81848501441669
r11_233_TrROS_Hall.json,r11_233_TrROS_Hall.pdb_I20Q.json,-1.62041717910143
r11_233_TrROS_Hall.json,r11_233_TrROS_Hall.pdb_I20E.json,-1.23842373200077
r11_233_TrROS_Hall.json,r11_233_TrROS_Hall.pdb_I20N.json,-2.43849177106282
r11_233_TrROS_Hall.json,r11_233_TrROS_Hall.pdb_I20H.json,-1.3386635884483
r11_233_TrROS_Hall.json,r11_233_TrROS_Hall.pdb_I20D.json,-2.00834499310768
r11_233_TrROS_Hall.json,r11_233_TrROS_Hall.pdb_I20R.json,-1.95366629820177
r11_233_TrROS_Hall.json,r11_233_TrROS_Hall.pdb_I20K.json,-2.12093827817337
r11_233_TrROS_Hall.json,r11_233_TrROS_Hall.pdb_I20T.json,-1.54219690940236
r11_233_TrROS_Hall.json,r11_233_TrROS_Hall.pdb_I20S.json,-1.96110735905168
r11_233_TrROS_Hall.json,r11_233_TrROS_Hall.pdb_I20A.json,-1.75123951630604
r11_233_TrROS_Hall.json,r11_233_TrROS_Hall.pdb_I20G.json,-2.25024049582869
r11_233_TrROS_Hall.json,r11_233_TrROS_Hall.pdb_I20M.json,-0.45501745716966
r11_233_TrROS_Hall.json,r11_233_TrROS_Hall.pdb_I20L.json,-0.479165519338008
r11_233_TrROS_Hall.json,r11_233_TrROS_Hall.pdb_I20V.json,-0.241091700002541
r11_233_TrROS_Hall.json,r11_233_TrROS_Hall.pdb_I20W.json,0.0686242204383265
r11_233_TrROS_Hall.json,r11_233_TrROS_Hall.pdb_I20Y.json,-0.16085504112619
r11_233_TrROS_Hall.json,r11_233_TrROS_Hall.pdb_I20F.json,0.0066351703170819
r11_233_TrROS_Hall.json,r11_233_TrROS_Hall.pdb_I20P.json,-3.23979218472253
r11_233_TrROS_Hall.json,r11_233_TrROS_Hall.pdb_I20C.json,0.12033794430773
r11_233_TrROS_Hall.json,r11_233_TrROS_Hall.pdb_E21Q.json,-0.168209094813305
r11_233_TrROS_Hall.json,r11_233_TrROS_Hall.pdb_E21N.json,-0.455053333586138
r11_233_TrROS_Hall.json,r11_233_TrROS_Hall.pdb_E21H.json,-0.21667341691751
r11_233_TrROS_Hall.json,r11_233_TrROS_Hall.pdb_E21D.json,-0.680101243978412
r11_233_TrROS_Hall.json,r11_233_TrROS_Hall.pdb_E21R.json,-0.537297883624798
r11_233_TrROS_Hall.json,r11_233_TrROS_Hall.pdb_E21K.json,-0.342563536364445
r11_233_TrROS_Hall.json,r11_233_TrROS_Hall.pdb_E21T.json,0.179507781148983
r11_233_TrROS_Hall.json,r11_233_TrROS_Hall.pdb_E21S.json,-0.27339708430501
r11_233_TrROS_Hall.json,r11_233_TrROS_Hall.pdb_E21A.json,-0.555435945954478
r11_233_TrROS_Hall.json,r11_233_TrROS_Hall.pdb_E21G.json,-1.26838735575073
r11_233_TrROS_Hall.json,r11_233_TrROS_Hall.pdb_E21M.json,0.376149068294954
r11_233_TrROS_Hall.json,r11_233_TrROS_Hall.pdb_E21L.json,0.570624442035077
r11_233_TrROS_Hall.json,r11_233_TrROS_Hall.pdb_E21V.json,0.346132069177727
r11_233_TrROS_Hall.json,r11_233_TrROS_Hall.pdb_E21I.json,0.677786788006476
r11_233_TrROS_Hall.json,r11_233_TrROS_Hall.pdb_E21W.json,0.87021422844152
r11_233_TrROS_Hall.json,r11_233_TrROS_Hall.pdb_E21Y.json,0.88708003442516
r11_233_TrROS_Hall.json,r11_233_TrROS_Hall.pdb_E21F.json,0.682731648467401
r11_233_TrROS_Hall.json,r11_233_TrROS_Hall.pdb_E21P.json,-1.26202253798228
r11_233_TrROS_Hall.json,r11_233_TrROS_Hall.pdb_E21C.json,0.404433045944042
r11_233_TrROS_Hall.json,r11_233_TrROS_Hall.pdb_V22Q.json,-2.04299430916467
r11_233_TrROS_Hall.json,r11_233_TrROS_Hall.pdb_V22E.json,-2.58695972549492
r11_233_TrROS_Hall.json,r11_233_TrROS_Hall.pdb_V22N.json,-2.77119071350349
r11_233_TrROS_Hall.json,r11_233_TrROS_Hall.pdb_V22H.json,-1.73609397467067
r11_233_TrROS_Hall.json,r11_233_TrROS_Hall.pdb_V22D.json,-2.76154007778642
r11_233_TrROS_Hall.json,r11_233_TrROS_Hall.pdb_V22R.json,-2.10441781664006
r11_233_TrROS_Hall.json,r11_233_TrROS_Hall.pdb_V22K.json,-2.33067970923496
r11_233_TrROS_Hall.json,r11_233_TrROS_Hall.pdb_V22T.json,-1.79410820519791
r11_233_TrROS_Hall.json,r11_233_TrROS_Hall.pdb_V22S.json,-2.05280928383978
r11_233_TrROS_Hall.json,r11_233_TrROS_Hall.pdb_V22A.json,-1.91886388249211
r11_233_TrROS_Hall.json,r11_233_TrROS_Hall.pdb_V22G.json,-1.4977457531416
r11_233_TrROS_Hall.json,r11_233_TrROS_Hall.pdb_V22M.json,-0.4282273970928
r11_233_TrROS_Hall.json,r11_233_TrROS_Hall.pdb_V22L.json,0.0902011668686939
r11_233_TrROS_Hall.json,r11_233_TrROS_Hall.pdb_V22I.json,0.533753184099974
